tree
version=v4
num_class=1
num_tree_per_iteration=1
label_index=0
max_feature_idx=51
objective=binary sigmoid:1
feature_names=returns_24h returns_7d returns_30d orders_24h orders_7d orders_30d total_orders_all_time total_returns_all_time return_rate_30d return_rate_all_time total_spend_30d refund_amount_30d refund_ratio_30d days_since_last_order days_since_last_return days_to_return_current avg_days_to_return_user wardrobing_risk_score item_price_vs_user_avg category_return_rate_baseline user_category_return_rate_diff device_users_count device_returns_30d device_return_rate_30d address_users_count address_returns_30d payment_users_count payment_returns_30d linked_accounts_1hop linked_accounts_2hop shared_device_accounts shared_address_accounts shared_payment_accounts high_return_neighbor_count connected_component_size order_amount refund_amount cogs shipping_cost return_shipping_cost handling_cost restocking_cost salvage_value_percentage estimated_return_loss is_first_purchase account_age_hours account_age_under_24h has_prior_orders has_prior_returns user_history_count baseline_support_count used_category_fallback
feature_infos=[0:2] [0:3] [0:4] [0:2] [0:6] [1:11] [1:26] [0:8] [0:1] [0:0.75] [201.41:47441.959999999999] [0:17520.389999999999] [0:1] [0:151.6706409673148] [0.015084748773148148:999] [0.26000000000000001:14] [0.26000000000000001:13.99] [0:0.94799999999999995] [0.031979841315458959:31.461862482974325] [0.13455756013745704:0.17479159719906637] [-0.17479159719906637:0.65810083616193404] [1:7] [0:5] [0:1] [1:7] [0:8] [1:8] [0:5] [0:17] [0:72] [0:9] [0:12] [0:10] [0:11] [1:89] [201.41:13498.309999999999] [201.41:13498.309999999999] [120.84999999999999:8098.9899999999998] [40.530000000000001:119.56999999999999] [44.579999999999998:131.53] [20.100000000000001:50] [10.029999999999999:29.98] [0.40000000000000002:0.59999999999999998] [238.82499999999999:10407.544] [0:1] [1530.4549747113888:28148.855037114445] none [0:1] [0:1] [0:25] [5:18902] [0:1]
tree_sizes=3821 3595 3170 3486 3481 3602 3554 3566 3704 3594 3602 3510 3727 3519 3809 3463 3574 3682 4434 3682 3492 3832 3617 3613 4030 3808 3711 5300 4683 3833 4127 4144 4569 4681 5095 4054 4055 4358 4487 4423 4459 4335 4368 5406 5322 3904 5196 4205 4362 4657 4361 4724 4449 4622 4770 5625 5183 5866 4863 5004 5980 5329

Tree=0
num_leaves=36
num_cat=0
split_feature=16 16 6 30 17 32 35 16 7 16 7 40 35 16 9 5 9 18 29 50 16 29 7 16 34 4 49 40 40 35 13 41 13 13 18
split_gain=3783.3 857.368 320.64 136.669 90.1709 86.0007 48.9041 44.1211 37.5722 31.0941 26.4062 18.4561 17.7468 50.6504 67.7415 26.9502 13.5362 17.5198 12.4668 10.7134 12.1192 6.9975 5.13138 9.80298 6.24937 3.488 6.2316 3.23312 2.87572 0.63922 0.273398 0.503633 0.164449 0.101495 0.0538149
threshold=1.0450000000000002 2.9950000000000006 14.500000000000002 2.5000000000000004 0.42300000000000004 2.5000000000000004 2185.0000000000005 1.2150000000000001 1.5000000000000002 0.89500000000000013 1.5000000000000002 42.430000000000007 2253.1850000000004 4.8825000000000012 0.069047619047619066 2.5000000000000004 0.088932806324110686 0.76906920048963967 19.500000000000004 8.5000000000000018 2.1025000000000005 22.500000000000004 1.0000000180025095e-35 8.2612500000000022 17.500000000000004 1.0000000180025095e-35 5.5000000000000009 38.82500000000001 30.145000000000003 7566.6550000000016 1.0000000180025095e-35 18.680000000000003 57.514789232621538 70.159785611197933 1.1692826831425915
decision_type=2 2 2 2 2 2 2 2 2 2 2 2 2 2 2 2 2 2 2 2 2 2 2 2 2 2 2 2 2 2 2 2 2 2 2
left_child=9 2 3 4 7 18 -6 -2 -4 -1 16 -8 30 14 15 -14 17 21 -5 -19 -21 28 23 24 -15 -18 -27 -26 -9 -16 31 -3 -32 -34 -25
right_child=1 12 8 5 6 -7 11 10 -10 -11 -12 -13 13 22 29 -17 25 19 -20 20 -22 -23 -24 34 27 26 -28 -29 -30 -31 32 -33 33 -35 -36
leaf_value=-1.8922102407179393 -2.4579546401080119 -2.6500696669876929 -2.3345914180182659 -2.4303864492222096 -2.5756552109929878 -2.2356326102654931 -2.3258015310531173 -2.6305928189575205 -2.1091485733164292 -2.0761478855428601 -2.4980455163852735 -2.4833188740140941 -2.5724773344841587 -2.5813178621977579 -2.6827647300038331 -2.3975623693426824 -2.6785826322193755 -2.6277138201259147 -2.5615545540137172 -2.5930848188052096 -2.456548299873754 -2.5821526210087846 -2.6840302349493612 -2.6655303772536332 -2.6818859813821478 -2.6815111773605853 -2.5949799505141713 -2.6239906757293801 -2.6825010117071586 -2.6519448212802046 -2.683501331669587 -2.6815955678784382 -2.6620741061680615 -2.6815111773605853 -2.6836097140270319
leaf_weight=13.789617717266085 4.7636861205101004 3.1340040266513816 4.7636861205100995 3.4474044293165189 5.8919275701045981 5.1397666037082672 5.2024466842412931 4.6383259594440478 4.0742052346467972 5.3278068453073493 4.1995653957128516 3.6354446709156036 4.8263662010431307 4.7636861205101004 7.1455291807651502 4.2622454762458801 10.655613690614702 3.4474044293165189 4.3876056373119354 3.1966841071844101 3.6354446709156036 3.8234849125146857 62.93080085515976 3.1340040266513851 4.3876056373119336 3.7608048319816572 4.3876056373119354 4.8890462815761566 6.0172877311706543 3.3220442682504654 375.45368239283562 3.8861649930477142 4.8890462815761548 3.7608048319816589 17.613102629780769
leaf_count=220 76 50 76 55 94 82 83 74 65 85 67 58 77 76 114 68 170 55 70 51 58 61 1004 50 70 60 70 78 96 53 5990 62 78 60 281
internal_value=-2.63059 -2.6528 -2.5098 -2.54165 -2.57061 -2.39353 -2.46165 -2.60153 -2.22543 -1.94006 -2.61628 -2.38766 -2.67788 -2.66068 -2.58751 -2.48826 -2.62807 -2.60373 -2.50141 -2.5541 -2.51825 -2.6389 -2.6754 -2.65953 -2.62759 -2.65984 -2.63444 -2.6511 -2.65999 -2.67375 -2.68302 -2.66869 -2.68326 -2.67158 -2.6813
internal_weight=616.584 597.467 89.0684 80.2305 67.2557 12.9748 14.7298 52.5259 8.83789 19.1174 47.7622 8.83789 508.398 117.274 19.5562 9.08861 43.5627 24.7586 7.83501 10.2795 6.83213 14.4791 97.7182 34.7874 14.0403 18.804 8.14841 9.27665 10.6556 10.4676 391.124 7.02017 384.104 8.64985 20.7471
internal_count=9837 9532 1421 1280 1073 207 235 838 141 305 762 141 8111 1871 312 145 695 395 125 164 109 231 1559 555 224 300 130 148 170 167 6240 112 6128 138 331
is_linear=0
shrinkage=1


Tree=1
num_leaves=33
num_cat=0
split_feature=16 16 15 7 15 30 7 18 7 15 6 35 16 9 6 30 15 41 18 32 16 7 16 45 13 41 15 15 6 13 13 50
split_gain=2077.02 570.727 397.71 327.345 189.599 124.838 56.1808 50.6425 44.1762 48.2047 29.3334 17.9237 46.8045 54.0846 29.7048 16.7272 11.9151 9.11476 12.7693 7.24697 7.10341 5.18369 9.47139 13.9948 3.79336 1.22525 0.762317 0.590078 0.476153 0.178897 0.10791 0.0714147
threshold=1.2150000000000001 2.9950000000000006 2.9950000000000006 1.0000000180025095e-35 1.1850000000000003 2.5000000000000004 1.5000000000000002 0.71528858073983759 1.0000000180025095e-35 0.97500000000000009 10.500000000000002 2253.1850000000004 4.8825000000000012 0.069047619047619066 6.5000000000000009 1.5000000000000002 0.89500000000000013 19.225000000000005 1.2949772613685953 2.5000000000000004 2.2325000000000004 1.0000000180025095e-35 8.2612500000000022 19208.373980615284 7.5489684685011582 16.820000000000004 5.785000000000001 1.7150000000000001 1.5000000000000002 57.514789232621538 70.159785611197933 16399.500000000004
decision_type=2 2 2 2 2 2 2 2 2 2 2 2 2 2 2 2 2 2 2 2 2 2 2 2 2 2 2 2 2 2 2 2
left_child=4 2 3 5 8 7 10 19 9 -1 -5 28 13 14 -13 17 -10 18 -9 27 -7 22 23 25 -19 -14 -15 -2 -3 -30 -31 -24
right_child=1 11 -4 6 -6 20 -8 15 16 -11 -12 12 21 26 -16 -17 -18 24 -20 -21 -22 -23 31 -25 -26 -27 -28 -29 29 30 -32 -33
leaf_value=0.3834799819294234 -0.021501621655970676 -0.03320920536585726 -0.053594083332891868 0.15647008486793634 0.042694935472956892 0.31642682818625789 0.46989094345259264 0.040811837421621595 0.37959247331431922 0.16533833684275206 0.3668839494410352 0.032078536118120705 -0.004051709068992217 -0.018058568534467447 0.20343087224621367 0.17559162653187343 0.47710941596859979 0.070054309994784875 0.17304712847145232 0.033920616939477115 0.20410212171078446 -0.053242516590114225 -0.052815425249904346 0.073563427781444007 -0.00012888586119195509 -0.044216803240905697 -0.052012532339971065 -0.051960855663840649 -0.052693477766928301 -0.030772095969481595 -0.05062630895115583 -0.033963755034860522
leaf_weight=5.4593262448906881 3.3348366394638997 5.3451402820646754 31.14326798543334 3.7048573456704599 5.0321173742413512 4.6146638095378858 7.4220006689429283 3.5958607345819491 20.376211516559128 5.3495714738965034 3.5795910209417343 5.1316635757684725 3.1357485577464086 3.0179099738597852 5.1384979486465454 5.9916147515177718 7.0308086350560179 3.525355190038681 4.0796682313084602 4.4663789495825759 3.9569738656282425 60.075583577156067 16.860053859651092 4.6194477677345267 3.8051949888467789 6.3287313506007195 7.0720691531896591 6.2366022542119026 360.03854744508862 4.7573230192065221 3.5980691760778427 3.0005099773406974
leaf_count=49 53 88 471 56 64 58 88 53 179 67 48 75 50 50 70 83 76 50 56 69 50 1004 281 73 56 101 117 100 6014 78 60 50
internal_value=-0.000522384 -0.0255787 0.0904373 0.167405 0.333275 0.0980134 0.370774 0.0556134 0.371196 0.27848 0.264113 -0.0468651 -0.0294024 0.0390591 0.119429 0.104619 0.406434 0.0749753 0.113062 -0.0175568 0.268102 -0.0443067 -0.028235 0.00280673 0.0334388 -0.0316137 -0.0426245 -0.0421974 -0.0521868 -0.0524395 -0.0404109 -0.0504023
internal_weight=620.824 577.576 89.4569 58.3136 43.248 43.6071 14.7064 35.0355 38.2159 10.8089 7.28445 488.119 114.38 20.3601 10.2702 20.9977 27.407 15.0061 7.67553 14.0378 8.57164 94.0201 33.9445 14.0839 7.33055 9.46448 10.09 9.57144 373.739 368.394 8.35539 19.8606
internal_count=9837 9402 1291 820 435 628 192 520 371 116 104 8111 1871 312 145 298 255 215 109 222 108 1559 555 224 106 151 167 153 6240 6152 138 331
is_linear=0
shrinkage=0.05


Tree=2
num_leaves=29
num_cat=0
split_feature=16 15 7 30 15 18 35 16 9 6 31 40 38 43 6 16 40 7 16 45 41 15 40 6 13 13 10 35
split_gain=1595.47 643.372 320.668 93.2227 70.5706 36.3684 18.0727 43.4095 44.298 19.7092 15.2494 11.0186 10.5075 15.1744 8.91891 7.46558 5.31483 5.22992 9.13497 12.1809 1.18653 0.763433 0.618648 0.494209 0.193521 0.114199 0.0862395 0.0586075
threshold=2.9950000000000006 2.9950000000000006 1.0000000180025095e-35 2.5000000000000004 0.97500000000000009 0.75054216756072345 2253.1850000000004 4.8825000000000012 0.069047619047619066 6.5000000000000009 2.5000000000000004 25.240000000000006 97.210000000000022 1601.9300000000003 7.5000000000000009 1.3250000000000004 29.655000000000005 1.0000000180025095e-35 8.2612500000000022 19208.373980615284 16.820000000000004 5.785000000000001 42.900000000000013 1.5000000000000002 57.514789232621538 70.159785611197933 4192.0150000000003 2006.2100000000003
decision_type=2 2 2 2 2 2 2 2 2 2 2 2 2 2 2 2 2 2 2 2 2 2 2 2 2 2 2 2
left_child=1 2 3 4 -1 15 23 8 9 -8 -5 -7 13 -13 -4 -6 -17 18 19 20 -9 -10 -18 -2 27 -26 -20 -25
right_child=6 -3 14 10 5 11 7 17 21 -11 -12 12 -14 -15 -16 16 22 -19 26 -21 -22 -23 -24 24 25 -27 -28 -29
leaf_value=0.27685603767340011 -0.032513648535904875 -0.053550881610685164 0.2193921510013481 0.17062602598092302 0.060973040212230815 0.17201046917094368 0.029679619940851543 -0.0038688540230280323 -0.017455419476374568 0.16333225873606966 0.27907328361860978 0 0.13509506643783398 0.10312416981229883 0.28957378414340329 0.024790292208933997 -0.051546674693489752 -0.053057602156358553 -0.033087893406344167 0.065653497878643968 -0.043701860205540434 -0.051773882430299505 -0.018748568095525456 -0.052759224834326268 -0.030064215230772257 -0.050339026007083398 -0.052618435476792284 -0.043431912228597845
leaf_weight=4.0506504178047171 5.1925644278526297 33.379654183983803 7.6462036892771712 8.2501865029335004 4.2167389318347004 4.3112071529030827 5.2733862921595591 3.1247707158327085 2.9707578271627408 6.075996533036232 7.0331692248582831 6.4403607361018675 6.4903685040771952 7.8030150905251503 49.031697317957878 5.0031848847866049 4.9576228931546193 57.340130969882011 2.8877867162227657 4.9208758920431128 6.090378038585186 6.7578375041484833 3.0714657343924046 332.66440137848258 4.6314568296074849 3.4421874582767487 16.123696640133858 11.147326938807963
leaf_count=28 88 516 71 81 54 55 75 50 50 70 65 86 85 94 382 79 80 1004 50 73 101 117 50 5819 78 60 281 195
internal_value=-0.000815865 0.140068 0.194738 0.115368 0.0795792 0.0599589 -0.0464465 -0.0287373 0.0356295 0.10247 0.222347 0.0983237 0.0820097 0.0566982 0.280597 0.00372068 -0.0147465 -0.0438087 -0.0275478 0.00257311 -0.0309182 -0.0420872 -0.0400001 -0.051956 -0.0522193 -0.0398302 -0.0501021 -0.0524841
internal_weight=620.329 151.686 118.306 61.628 46.3446 42.294 468.644 111.566 21.078 11.3494 15.2834 25.045 20.7337 14.2434 56.6779 17.249 13.0323 90.4876 33.1475 14.136 9.21515 9.7286 8.02909 357.078 351.885 8.07364 19.0115 343.812
internal_count=9837 1726 1210 757 611 583 8111 1871 312 145 146 320 265 180 453 263 209 1559 555 224 151 167 130 6240 6152 138 331 6014
is_linear=0
shrinkage=0.05


Tree=3
num_leaves=32
num_cat=0
split_feature=16 15 14 15 32 30 18 35 16 9 6 38 50 32 9 16 45 17 49 15 35 10 41 15 6 41 28 13 13 15 35
split_gain=1348.23 476.448 196.547 62.8646 60.0144 34.3872 28.5514 18.1994 40.4078 37.0512 13.9141 13.245 12.4045 11.3669 5.27222 8.8085 10.6756 4.97998 4.96819 4.81022 3.13561 1.21883 0.836891 0.764119 0.51261 0.475756 0.462858 0.208561 0.120331 0.0994784 0.0719943
threshold=2.9950000000000006 2.9950000000000006 144.51620478398732 1.0850000000000002 2.5000000000000004 1.5000000000000002 0.89704490120078306 2253.1850000000004 4.8825000000000012 0.069047619047619066 6.5000000000000009 94.795000000000002 11.500000000000002 3.5000000000000004 0.048809523809523817 8.2612500000000022 19208.373980615284 0.44700000000000006 6.5000000000000009 2.2650000000000001 1057.4300000000001 10313.08 23.250000000000004 5.785000000000001 1.5000000000000002 23.440000000000005 7.5000000000000009 57.514789232621538 70.159785611197933 9.1850000000000005 2006.2100000000003
decision_type=2 2 2 2 2 2 2 2 2 2 2 2 2 2 2 2 2 2 2 2 2 2 2 2 2 2 2 2 2 2 2
left_child=1 2 18 -4 6 12 19 24 9 10 -9 17 -6 -7 15 16 21 -8 -1 20 22 -10 -5 -11 -2 26 -20 30 -29 -17 -26
right_child=7 -3 3 4 5 13 11 8 14 23 -12 -13 -14 -15 -16 29 -18 -19 25 -21 -22 -23 -24 -25 27 -27 -28 28 -30 -31 -32
leaf_value=0.18351781315818741 -0.031817660059248791 -0.05333662498966716 0.20881818572531921 -0.026974996105974671 0.0022464628243820438 0.13219377432743171 0.012335930542914847 0.02751902971729463 -0.043359882366095434 -0.016864529001565952 0.13623766391510092 0.13713502961941287 0.12420499261632241 0.23452638080108598 -0.05288203439301753 -0.032317341633216166 0.05902488953574303 0.076689019935279323 0.22667340431677735 -0.051909765217064585 0.045747921290150192 -0.0026404106056687128 0.0060190021408279316 -0.051541798828391217 -0.052569792223133065 0.24632966880595297 0.19123473628622278 -0.029358048001758553 -0.050055745998440829 -0.052436183526606117 -0.042916504339480417
leaf_weight=11.381216265261171 5.046767894178628 31.876428242772818 11.155551023781298 3.9732876084744913 4.328285429626705 5.4460165277123433 5.8496269658207911 5.4072953313589114 5.9196341931819898 2.9257731288671476 6.9152712821960449 6.3853488415479651 4.0893929451704025 7.7756918892264366 54.7204559892416 2.8021032549440887 5.2032616809010497 6.7003083676099777 30.134608499705791 5.0853272154927245 3.3890353068709373 3.056946475058794 3.2077800557017326 6.4569097235798836 317.55202274769545 18.020986795425415 8.1821697354316694 4.5112126395106307 3.292926549911499 15.396450206637381 10.728983692824839
leaf_count=89 88 516 75 59 61 53 73 75 100 50 70 71 52 71 1004 51 73 74 194 79 46 51 45 117 5819 115 53 78 60 280 195
internal_value=-0.000993385 0.120289 0.161301 0.100475 0.0785592 0.143771 0.0373227 -0.0460319 -0.0280833 0.0327131 0.0895386 0.0785001 0.0628448 0.19406 -0.0433114 -0.0268697 0.00235844 0.0474234 0.221516 -0.0123462 0.00652747 -0.0302257 -0.0116696 -0.0415476 -0.051732 0.228764 0.219753 -0.0520066 -0.0392467 -0.0498052 -0.0522827
internal_weight=616.917 166.981 135.105 67.3857 56.2301 21.6394 34.5907 449.936 108.804 21.7052 12.3226 18.9353 8.41768 13.2217 87.0989 32.3784 14.1798 12.5499 67.719 15.6554 10.5701 8.97658 7.18107 9.38268 341.132 56.3378 38.3168 336.085 7.80414 18.1986 328.281
internal_count=9837 1726 1210 759 684 237 447 8111 1871 312 145 218 113 124 1559 555 224 147 451 229 150 151 104 167 6240 362 247 6152 138 331 6014
is_linear=0
shrinkage=0.05


Tree=4
num_leaves=32
num_cat=0
split_feature=16 15 14 30 15 18 35 16 15 32 10 41 41 45 41 32 7 16 6 35 7 16 45 15 41 6 13 35 18 35 35
split_gain=1166.01 372.322 136.758 47.8422 39.5924 25.5675 18.3055 37.7119 27.7757 14.4162 13.708 12.174 9.41863 12.0408 10.8098 8.79022 7.32456 13.7953 8.779 6.4957 5.31095 8.49166 9.40953 2.85566 1.18264 0.531293 0.223984 0.133868 0.118554 0.0858639 0.0116598
threshold=2.9950000000000006 2.9950000000000006 144.51620478398732 2.5000000000000004 1.0850000000000002 0.71528858073983759 2253.1850000000004 4.8825000000000012 4.8950000000000005 3.5000000000000004 6191.9800000000005 20.245000000000005 18.710000000000004 14566.117568042779 27.095000000000002 2.5000000000000004 1.5000000000000002 1.2150000000000001 10.500000000000002 1681.7400000000002 1.0000000180025095e-35 8.2612500000000022 19208.373980615284 1.5550000000000004 16.820000000000004 1.5000000000000002 57.514789232621538 1265.9400000000003 1.1692826831425915 2006.2100000000003 2211.1250000000005
decision_type=2 2 2 2 2 2 2 2 2 2 2 2 2 2 2 2 2 2 2 2 2 2 2 2 2 2 2 2 2 2 2
left_child=1 2 16 4 -4 15 25 8 10 -5 -8 -12 13 -7 19 23 17 -1 -19 -14 21 22 24 -6 -9 -2 29 -28 -23 -27 -31
right_child=6 -3 3 9 5 12 7 20 -10 -11 11 -13 14 -15 -16 -17 -18 18 -20 -21 -22 28 -24 -25 -26 26 27 -29 -30 30 -32
leaf_value=0.20781222950517916 -0.031121546804017332 -0.053132737916902054 0.1658946388631756 0.11530421272022087 0.0024493408934282671 0.063962758419283436 -0.006761074959460653 -0.0023887127516360809 -0.051606255575513273 0.20557564063566669 0.14368438599392616 0.03543565622457092 -0.029604994181542357 0.16403841363987667 0.11016208927322993 0.044235471622774553 0.19548969800393498 0.073539497882917887 0.16098175746434557 0.048304924990505066 -0.052715188916594616 -0.031236490068907455 0.053390091179942346 -0.051835123508019658 -0.042826488603625007 -0.052388316587686549 -0.028570920340677947 -0.049935767114689722 -0.05224984367267177 -0.035004457007694854 -0.05062736070291779
leaf_weight=8.3133952617645281 4.9074799418449393 30.435587212443352 7.9351724684238425 11.339410513639452 3.4342047534883005 8.2396785169839877 4.2886148020625141 3.0382332019507903 6.9737869426608077 8.4880127757787687 6.1619470417499524 4.833668440580368 4.2810962051153165 5.1312470287084571 4.4243099465966216 5.4755309894680968 55.774606131017208 6.0282751396298391 6.6676987558603287 6.6173683106899261 52.212601512670517 2.6705174893140819 5.4680768549442282 6.8872868157923222 5.7107374519109726 303.08515123650432 4.403219584375619 3.1431977190077305 14.75007041916251 6.0384470298886281 4.2904755212366581
leaf_count=47 88 516 49 91 49 89 57 50 130 55 69 56 55 56 50 75 302 56 46 71 1004 50 73 119 101 5819 81 57 281 114 81
internal_value=-0.00110694 0.10597 0.138509 0.088805 0.0634133 0.044692 -0.04562 -0.0274399 0.0301837 0.155038 0.0679202 0.0972972 0.07275 0.103672 0.0449457 -0.00609511 0.185038 0.15626 0.120753 0.0172551 -0.0428134 -0.0262 0.00216038 -0.0334434 -0.0295345 -0.0515142 -0.0518006 -0.0386603 -0.0495106 -0.0520886 -0.0423966
internal_weight=611.449 179.473 149.037 72.2533 52.4259 44.4907 431.976 106.108 22.258 19.8274 15.2842 10.9956 28.6937 13.3709 15.3228 15.797 76.784 21.0094 12.696 10.8985 83.8502 31.6376 14.217 10.3215 8.74897 325.868 320.96 7.54642 17.4206 313.414 10.3289
internal_count=9837 1726 1210 759 613 564 8111 1871 312 146 182 125 321 145 176 243 451 149 102 126 1559 555 224 168 151 6240 6152 138 331 6014 195
is_linear=0
shrinkage=0.05


Tree=5
num_leaves=33
num_cat=0
split_feature=16 15 14 15 32 31 18 35 16 15 40 15 35 17 38 5 10 14 15 45 15 49 15 42 34 13 41 13 13 35 35 50
split_gain=1024.72 301.814 103.911 39.6635 34.1978 31.0985 23.047 18.4038 35.2455 24.2285 11.5997 10.79 10.3428 8.41117 11.8497 6.94224 5.6968 5.3456 8.18689 7.16023 4.94258 4.3973 4.13635 1.11253 0.678773 0.356971 0.610039 0.239646 0.144206 0.0993613 0.0188977 0.000348433
threshold=2.9950000000000006 2.9950000000000006 582.78066025831026 0.97500000000000009 2.5000000000000004 2.5000000000000004 0.89704490120078306 2253.1850000000004 4.8825000000000012 4.8950000000000005 42.430000000000007 1.3350000000000002 5562.4100000000008 0.50100000000000011 88.820000000000007 2.5000000000000004 6191.9800000000005 582.78066025831026 8.8550000000000022 19208.373980615284 2.2650000000000001 5.5000000000000009 2.1050000000000004 0.45000000000000007 25.500000000000004 1.0000000180025095e-35 18.680000000000003 57.514789232621538 70.159785611197933 2006.2100000000003 2211.1250000000005 9.5000000000000018
decision_type=2 2 2 2 2 2 2 2 2 2 2 2 2 2 2 2 2 2 2 2 2 2 2 2 2 2 2 2 2 2 2 2
left_child=1 2 22 -4 6 10 20 25 9 12 15 -8 16 14 -13 -6 -9 -10 19 23 21 -5 31 24 -19 26 -2 29 -29 -27 -31 -1
right_child=7 -3 3 4 5 -7 11 8 17 -11 -12 13 -14 -15 -16 -17 -18 18 -20 -21 -22 -23 -24 -25 -26 27 -28 28 -30 30 -32 -33
leaf_value=0.17659992257380847 -0.013928195756009093 -0.052938506762221782 0.17202796169678344 -0.021202243190222431 0.048666009153500826 0.17547352716173967 0.13372699013403372 -0.017032540489569113 -0.052556503896182362 -0.051387718310507417 0.00020723556608423516 0.026286941581915153 0.10695380349350952 0.0030300888513464632 0.13216872498820606 0.12920334103615547 0.060703027183434989 -0.050828232263949995 -0.052118738645466504 0.041125510050225321 -0.051719504260952058 0.039036432123094045 0.13289014325416634 0 -0.015168100405800137 -0.052211698981056626 -0.049894589737848723 -0.027690795651010826 -0.049581200830941134 -0.034345129620378542 -0.050378526563806619 0.15992609377047196
leaf_weight=25.00999765843153 2.7185177728533736 29.055124055594206 10.020637795329092 6.1243835203349608 5.5490504279732757 10.507812090218065 4.8633539527654674 4.1656369268894249 49.812629118561745 6.6615874059498301 5.0546764060854903 6.0051351785659808 6.9410846084356299 6.5962829664349547 4.9333361908793449 6.0515369437634945 5.0135851204395294 4.1958999410271698 14.883263178169726 6.1757022999227038 4.8290414400398722 5.7279653362929821 15.885057576000689 2.8622824661433697 2.8066658303141594 288.03334359079599 3.2636453397572041 4.2468769624829283 3.0535299628973007 5.8533077090978605 4.1013600714504719 43.361923359334469
leaf_count=136 50 516 49 83 55 85 44 56 1004 130 47 68 74 64 49 59 52 74 296 82 79 75 99 52 51 5795 62 78 60 114 81 218
internal_value=-0.00118541 0.095081 0.121921 0.0793389 0.0650041 0.108101 0.0347213 -0.0452074 -0.0268021 0.0278982 0.0645042 0.0677728 0.0610855 0.0485419 0.0752582 0.0918514 0.0250835 -0.0423145 -0.0255392 -0.000397417 -0.00949835 0.00757442 0.160264 -0.0270457 -0.0376542 -0.0513018 -0.0348699 -0.0515959 -0.0380688 -0.0518976 -0.0418836 0.166347
internal_weight=604.364 189.575 160.52 76.2632 66.2426 27.1631 39.0795 414.789 103.518 22.7819 16.6553 22.3981 16.1203 17.5348 10.9385 11.6006 9.17922 80.7364 30.9238 16.0406 16.6814 11.8523 84.257 9.86485 7.00257 311.271 5.98216 305.288 7.30041 297.988 9.95467 68.3719
internal_count=9837 1726 1210 757 708 246 462 8111 1871 312 161 225 182 181 117 114 108 1559 555 259 237 158 453 177 125 6240 112 6128 138 5990 195 354
is_linear=0
shrinkage=0.05


Tree=6
num_leaves=33
num_cat=0
split_feature=16 15 7 15 30 35 16 9 43 32 30 10 18 50 7 16 6 18 6 7 16 45 10 40 6 13 30 13 35 35 45 35
split_gain=909.768 250.442 82.6037 32.4523 29.0967 18.4916 33.0025 25.7777 12.1291 10.6387 11.2932 9.44199 9.13215 8.11721 7.01658 10.3572 7.7161 6.80601 5.64986 5.37928 7.9318 7.51676 1.2619 0.715297 0.571768 0.256126 0.243341 0.157255 0.156907 0.113746 0.0288448 0.026093
threshold=2.9950000000000006 2.9950000000000006 1.0000000180025095e-35 0.97500000000000009 3.5000000000000004 2253.1850000000004 4.8825000000000012 0.078461538461538485 1601.9300000000003 2.5000000000000004 1.5000000000000002 8525.1050000000014 0.71528858073983759 13537.000000000002 1.5000000000000002 1.2150000000000001 11.500000000000002 1.0094195964649662 9.5000000000000018 1.0000000180025095e-35 8.2612500000000022 19208.373980615284 10313.08 40.245000000000012 1.5000000000000002 57.514789232621538 2.5000000000000004 34.330585436342602 1265.9400000000003 2006.2100000000003 10618.574438337919 2211.1250000000005
decision_type=2 2 2 2 2 2 2 2 2 2 2 2 2 2 2 2 2 2 2 2 2 2 2 2 2 2 2 2 2 2 2 2
left_child=1 2 3 -1 8 24 7 13 9 12 -11 -10 18 -7 15 -4 -17 -14 23 20 21 22 -8 -5 -2 29 -16 -22 -27 -26 -9 -31
right_child=5 -3 14 4 -6 6 19 30 11 10 -12 -13 17 -15 26 16 -18 -19 -20 -21 27 -23 -24 -25 25 28 -28 -29 -30 31 -32 -33
leaf_value=0.15276501205058934 -0.029678204418416378 -0.052753262941805858 0.15826304368712396 -0.052653134656178817 0.14516741769899388 0.090324465088552186 -0.042176818686000962 -0.031215176178829254 0.11022464489812936 0.019278121295300397 0.10431203530725025 0.037659705713183042 0.070871244997987401 0.01176346278868049 0.15501875461385858 0.05164832627196142 0.12501477916442258 0 0.033538779450183319 -0.052405440124917484 -0.051931757780517875 0.044961339403545617 0 -0.01831942979725058 -0.052047080142796125 -0.026907734298534047 0.13473524905989634 -0.029197826122916899 -0.049456376100783073 -0.033682798773139504 -0.051075388009270022 -0.050133004048605836
leaf_weight=10.712717071175573 4.6376096569001666 27.733033400028944 9.862681597471239 5.7558518126606959 8.5444446280598623 10.032086439430715 5.4337065108120459 2.6587462648749334 10.893758013844492 7.9028979465365401 8.0805310383439046 8.2707179114222509 7.3903795480728132 5.1488559842109671 51.658573016524315 7.5778759494423849 7.8181312531232834 6.1909221187233925 3.3000382296741 47.51666022837162 13.530526377260683 5.9139723181724539 2.8937047123908997 2.9675574861466885 276.0147043466568 4.148045986890792 13.371480137109755 2.4658507220447055 2.9169208332896233 5.6764794364571554 5.4103593304753304 3.9204389043152332
leaf_count=49 88 516 47 89 55 93 100 50 96 91 62 73 83 64 239 59 45 64 49 1004 280 73 51 46 5819 81 63 51 57 114 105 81
internal_value=-0.00124353 0.0863079 0.109001 0.0717366 0.0589362 -0.0447946 -0.0261691 0.0258827 0.0465076 0.0310182 0.0629598 0.0795257 0.0107172 0.0642578 0.141852 0.117244 0.089793 0.0388102 -0.0206618 -0.0418111 -0.0248801 0.00195024 -0.0281732 -0.0418801 -0.0510944 -0.0514064 0.151138 -0.0489411 -0.0374756 -0.0517203 -0.0456058 -0.0413662
internal_weight=596.35 198.032 170.299 80.0098 69.2971 398.319 101.004 23.25 60.7527 41.5882 15.9834 19.1645 25.6047 15.1809 90.2887 25.2587 15.396 13.5813 12.0234 77.7544 30.2378 14.2414 8.32741 8.72341 297.314 292.677 65.0301 15.9964 7.06497 285.612 8.06911 9.59692
internal_count=9837 1726 1210 757 708 8111 1871 312 653 484 153 169 331 157 453 151 104 147 184 1559 555 224 151 135 6240 6152 302 331 138 6014 155 195
is_linear=0
shrinkage=0.05


Tree=7
num_leaves=33
num_cat=0
split_feature=16 15 7 15 32 31 35 16 9 18 15 40 17 38 50 7 16 13 5 7 15 45 15 49 19 34 6 13 13 35 14 35
split_gain=815.35 212.177 68.9532 27.5001 22.8807 20.5085 18.5518 30.9325 22.6154 17.0615 7.53266 7.23359 6.66592 8.83014 6.45776 6.18262 8.72836 6.45549 5.64776 5.4069 7.72661 5.71806 4.64294 3.60465 1.11372 0.702858 0.59096 0.272751 0.167832 0.128284 0.0686148 0.0332211
threshold=2.9950000000000006 2.9950000000000006 1.0000000180025095e-35 0.97500000000000009 2.5000000000000004 2.5000000000000004 2253.1850000000004 4.8825000000000012 0.078461538461538485 0.89704490120078306 1.3350000000000002 42.100000000000009 0.50100000000000011 88.820000000000007 13537.000000000002 1.5000000000000002 1.2150000000000001 8.7863307746759283 2.5000000000000004 1.0000000180025095e-35 8.8550000000000022 19208.373980615284 2.2650000000000001 5.5000000000000009 0.15859776196598838 25.500000000000004 1.5000000000000002 57.514789232621538 70.159785611197933 2006.2100000000003 59.48559441190973 2211.1250000000005
decision_type=2 2 2 2 2 2 2 2 2 2 2 2 2 2 2 2 2 2 2 2 2 2 2 2 2 2 2 2 2 2 2 2
left_child=1 2 3 -1 9 11 26 8 14 22 -11 18 13 -12 -8 16 -4 -18 -6 20 21 24 23 -5 -9 -26 -2 29 -29 -28 -10 -31
right_child=6 -3 15 4 5 -7 7 19 30 10 12 -13 -14 -15 -16 -17 17 -19 -20 -21 -22 -23 -24 -25 25 -27 27 28 -30 31 -32 -33
leaf_value=0.13819817406235016 -0.02898406069332983 -0.052576383264463712 0.1422920452014661 -0.020318895025688427 0.034104228951961614 0.1362169723039359 0.080344738020141859 0 -0.050972199105249777 0.10664467767051411 0.020411925411145587 0.0031311595812599925 0 0.10727871099103242 0.011078707337648305 0.13656529251713892 0.11155256365366395 0.045977352750946034 0.10307681303085331 -0.052261499881017998 -0.051788946638775035 0.03478866048202154 -0.051572706742831737 0.033813764355266646 -0.050435952868133287 -0.013534767647736021 -0.051885971100678399 -0.026013517553559479 -0.049119215275452335 -0.033017712635591029 -0.029299214421647193 -0.049890157809768493
leaf_weight=11.245216563344 4.516743302345275 26.46731673181057 10.416652902960779 5.9782935082912463 5.8440019264817291 12.412262827157972 10.707819432020189 2.7699291333556193 5.2920468896627417 5.6166639849543598 6.4272720888257044 5.529461868107318 6.9193768799304953 5.6509517356753349 5.1986055374145499 68.295788705348969 8.4691124930977839 7.7314465045928946 6.9669222384691238 45.320861145853996 13.600121211260555 6.5912834778428069 4.6515728123486033 6.0377576537430286 3.9206477925181389 2.6958744898438454 263.34832457080483 4.006108906120061 2.8342214003205299 5.507621616125105 2.4636843577027321 3.7474084608256817
leaf_count=49 88 516 47 83 54 85 93 52 105 44 68 48 64 49 64 302 53 51 59 1004 296 82 79 75 74 51 5819 78 60 114 50 81
internal_value=-0.00128087 0.079238 0.0988632 0.0654079 0.0537995 0.0864808 -0.0443833 -0.0255511 0.0240759 0.0291829 0.0555815 0.0519934 0.0397435 0.0620114 0.0582299 0.128066 0.10564 0.0810387 0.0725085 -0.0413072 -0.0242343 -0.00029282 -0.00960273 0.00652329 -0.0255616 -0.0365705 -0.050891 -0.0512167 -0.0368773 -0.0515445 -0.0451846 -0.0408442
internal_weight=587.181 204.66 178.193 83.2798 72.0345 30.7526 382.521 98.5609 23.6622 41.2819 24.6143 18.3404 18.9976 12.0782 15.9064 94.913 26.6172 16.2006 12.8109 74.8987 29.5779 15.9777 16.6676 12.0161 9.38645 6.61652 283.96 279.444 6.84033 272.603 7.75573 9.25503
internal_count=9837 1726 1210 757 708 246 8111 1871 312 462 225 161 181 117 157 453 151 104 113 1559 555 259 237 158 177 125 6240 6152 138 6014 155 195
is_linear=0
shrinkage=0.05


Tree=8
num_leaves=34
num_cat=0
split_feature=16 15 7 15 30 35 16 9 18 32 16 40 7 16 6 5 38 7 15 45 40 4 50 10 10 13 6 30 13 7 35 14 35
split_gain=735.299 182.316 59.1791 23.9362 21.7066 18.6001 29.0184 19.976 13.5283 8.18801 6.99023 6.44991 5.73078 7.71549 5.89388 5.64412 5.46186 5.43428 7.47953 5.14196 4.86919 4.44814 4.06357 1.09346 0.772387 0.698802 0.610219 0.298358 0.289504 0.205464 0.143207 0.0751396 0.0402588
threshold=2.9950000000000006 2.9950000000000006 1.0000000180025095e-35 0.97500000000000009 2.5000000000000004 2253.1850000000004 4.8825000000000012 0.078461538461538485 0.75054216756072345 3.5000000000000004 1.2150000000000001 24.945000000000004 1.5000000000000002 1.2150000000000001 11.500000000000002 2.5000000000000004 58.245000000000005 1.0000000180025095e-35 8.8550000000000022 19208.373980615284 29.565000000000001 1.5000000000000002 9.5000000000000018 10636.050000000001 5334.4950000000008 15.224648712135417 1.5000000000000002 2.5000000000000004 57.514789232621538 1.0000000180025095e-35 2006.2100000000003 59.48559441190973 2211.1250000000005
decision_type=2 2 2 2 2 2 2 2 2 2 2 2 2 2 2 2 2 2 2 2 2 2 2 2 2 2 2 2 2 2 2 2 2
left_child=1 2 3 -1 8 26 7 15 10 -6 -5 -10 13 -4 -15 -7 -13 18 19 23 -12 22 -18 24 -8 -22 -2 -14 30 -30 -28 -9 -32
right_child=5 -3 12 4 9 6 17 31 11 -11 20 16 27 14 -16 -17 21 -19 -20 -21 25 -23 -24 -25 -26 -27 28 -29 29 -31 32 -33 -34
leaf_value=0.12678680859516828 -0.028291497155505049 -0.05240727900307543 0.12987350544031237 0.058259030846595984 0.064403993697623355 0.018748704223101875 -0.0113862843904316 -0.050745018167104576 0.096786867662735032 0.13090254999956058 0.015686333837828293 0.00033013514501011997 0.12845152730044415 0.041452428767458152 0.10254961428896486 0.078837371184608207 0.0053698216073440738 -0.052124216659107436 -0.051626195522111874 0.032137851392149051 -0.05205625668700864 0.091143830212243981 0.05743511465957192 0 -0.050255455212454475 -0.018180553322892753 -0.051730594497284656 0.11095877587595014 -0.024658859301749214 -0.049122265162488417 -0.032350147479553851 -0.028621664021219986 -0.049649390362010604
leaf_weight=11.642249345779417 4.4013601318001738 25.255993593484163 10.839675828814508 3.7604927495121983 11.750376805663111 7.264529697597033 2.5581237003207224 5.0563575364649287 6.3401912674307814 8.6547196954488737 6.300032924860715 6.8285254016518619 56.225394546985626 8.2539697140455264 8.7045985311269742 9.3096049726009351 6.2477319166064325 43.221472978591919 12.976899016648529 6.7813255190849295 5.7064851485192758 5.6116595566272727 10.292585179209707 2.7373261228203773 3.8867739103734493 3.0033803917467594 251.23842281848192 14.547972470521925 3.8364590480923644 2.7889746949076653 5.3464055433869344 2.3999114595353603 3.5819706134498119
leaf_count=49 88 516 47 33 81 82 50 105 54 44 88 65 239 59 45 75 58 1004 296 82 93 51 92 50 77 49 5819 63 80 58 114 50 81
internal_value=-0.00130792 0.0733023 0.0905371 0.0600288 0.0493728 -0.0439706 -0.0249383 0.0224486 0.0325478 0.0933537 -0.00150413 0.0507382 0.117059 0.0960625 0.0735232 0.0530705 0.0401938 -0.0407969 -0.0235866 -0.000302262 -0.0170942 0.0522007 0.0382196 -0.024887 -0.0360011 -0.0412816 -0.0506913 0.125088 -0.0510313 -0.0362774 -0.0513738 -0.044759 -0.0403173
internal_weight=577.352 209.966 184.71 86.1384 74.4962 367.386 96.1923 24.0304 54.0911 20.4051 18.7704 35.3207 98.5716 27.7982 16.9586 16.5741 28.9805 72.1619 28.9404 15.9635 15.0099 22.152 16.5403 9.18222 6.4449 8.70987 271.194 70.7734 266.792 6.62543 260.167 7.45627 8.92838
internal_count=9837 1726 1210 757 708 8111 1871 312 583 125 263 320 453 151 104 157 266 1559 555 259 230 201 150 177 127 142 6240 302 6152 138 6014 155 195
is_linear=0
shrinkage=0.05


Tree=9
num_leaves=33
num_cat=0
split_feature=16 15 9 15 35 16 9 32 31 18 15 40 9 15 50 17 39 35 45 16 6 15 49 41 41 45 6 13 16 35 9 35
split_gain=666.798 158.576 52.0266 21.2468 18.6348 27.2458 17.7465 17.1163 15.2028 13.2506 5.87005 5.86422 5.4579 7.23881 5.28486 5.0815 6.65838 5.07087 4.63148 4.48672 5.88503 4.25186 3.13549 2.46776 1.14663 0.820307 0.629485 0.306699 0.958689 0.158502 0.0935848 0.0471821
threshold=2.9950000000000006 2.9950000000000006 1.0000000180025095e-35 0.97500000000000009 2253.1850000000004 4.8825000000000012 0.078461538461538485 2.5000000000000004 2.5000000000000004 0.89704490120078306 1.3350000000000002 42.100000000000009 0.048809523809523817 8.8550000000000022 10.500000000000002 0.50100000000000011 97.700000000000003 5562.4100000000008 19208.373980615284 1.2150000000000001 9.5000000000000018 2.2650000000000001 5.5000000000000009 22.180000000000003 15.765000000000002 12747.145448767918 1.5000000000000002 57.514789232621538 7.2025000000000015 2006.2100000000003 0.13188405797101452 2211.1250000000005
decision_type=2 2 2 2 2 2 2 2 2 2 2 2 2 2 2 2 2 2 2 2 2 2 2 2 2 2 2 2 2 2 2 2
left_child=1 2 3 -1 26 6 17 9 11 21 -11 14 13 18 -9 16 -12 -6 24 -4 -21 22 -5 -22 -7 -26 -2 29 -29 -28 -8 -31
right_child=4 -3 19 7 5 12 30 8 -10 10 15 -13 -14 -15 -16 -17 -18 -19 -20 20 23 -23 -24 -25 25 -27 27 28 -30 31 -32 -33
leaf_value=0.11760332974332149 -0.027601003447503047 -0.052245400492988085 0.11689888773990165 -0.020443005798446948 0.022337420516992806 0.0016771022502804151 -0.027437865933782082 0.027219076327656938 0.11278429310767826 0.089183748986448416 0.015457148282897466 0 -0.051993141235970236 -0.051468562855840186 0.090737456257935223 -0.00063194163661388814 0.087617477091663218 0.078005341607905967 0.02975862472356593 0.060375281519365991 0.090339000714140472 -0.051413338615903671 0.029542082113235724 0.12589469610462931 -0.050183268219873567 -0.0099865296394274893 -0.051580473078418856 -0.0068969053471290842 -0.050150444961960076 -0.031680455094346402 -0.050539390014144175 -0.049410121563744053
leaf_weight=11.923653319478033 4.2912293598055831 24.097106643021107 63.481927424669266 5.976172838360073 9.2634012326598221 2.6453082971274871 2.289168804883956 6.692460738122465 13.804150268435476 6.2180301174521473 6.8278585150837916 5.740305431187152 41.214815378189087 12.381161496043203 7.1861122325062752 7.1147912517189971 6.361738458275795 7.9275585487484923 6.9604961946606627 11.053005300462244 15.328836128115656 4.4539110101759425 6.305511724203825 11.444539278745649 3.8629721067845821 2.4771062023937702 239.66369030997157 2.3141431361436835 4.1063944846391678 5.1925118565559369 4.8807745352387428 3.4238341748714447
leaf_count=49 88 516 261 83 90 49 49 56 85 44 68 48 1004 296 57 64 49 67 82 68 72 79 75 52 78 50 5819 50 88 114 106 81
internal_value=-0.00132248 0.0682834 0.0836224 0.055421 -0.043556 -0.0243323 0.020975 0.0455462 0.072459 0.0245177 0.0464703 0.0434039 -0.0402828 -0.0229459 0.0608794 0.0327717 0.0510359 0.0486003 -0.000305151 0.108159 0.0930906 -0.0100451 0.00484723 0.106136 -0.0242155 -0.0356535 -0.0504945 -0.0508496 -0.0356723 -0.0512074 -0.0443303 -0.0397853
internal_weight=566.905 214.01 189.913 88.6047 352.895 93.9028 24.3609 76.681 33.423 43.258 26.5224 19.6189 69.5419 28.327 13.8786 20.3044 13.1896 17.191 15.9459 101.308 37.8264 16.7356 12.2817 26.7734 8.98539 6.34008 258.992 254.701 6.42054 248.28 7.16994 8.61635
internal_count=9837 1726 1210 757 8111 1871 312 708 246 462 225 161 1559 555 113 181 117 157 259 453 192 237 158 124 177 128 6240 6152 138 6014 155 195
is_linear=0
shrinkage=0.05


Tree=10
num_leaves=33
num_cat=0
split_feature=16 15 14 15 35 16 30 9 49 18 29 13 10 9 15 13 40 26 16 41 6 45 32 18 10 10 6 13 16 35 9 35
split_gain=606.815 139.074 46.5283 19.1222 18.6645 25.5978 16.9182 15.8313 9.60497 9.73775 10.5482 20.6866 10.0429 5.47767 7.00366 5.40519 5.32653 4.75343 4.65097 5.4341 8.68611 4.17794 4.10595 2.75845 1.12113 0.793973 0.648709 0.324202 0.943039 0.17415 0.0998598 0.0539682
threshold=2.9950000000000006 2.9950000000000006 144.51620478398732 0.97500000000000009 2253.1850000000004 4.8825000000000012 3.5000000000000004 0.078461538461538485 8.5000000000000018 2.7390498788814397 22.500000000000004 18.498753201614587 1278.8850000000004 0.048809523809523817 8.8550000000000022 13.139128091354168 32.590000000000011 2.5000000000000004 1.2150000000000001 23.440000000000005 12.500000000000002 19208.373980615284 2.5000000000000004 0.71528858073983759 10740.800000000001 5334.4950000000008 1.5000000000000002 57.514789232621538 7.2025000000000015 2006.2100000000003 0.13188405797101452 2211.1250000000005
decision_type=2 2 2 2 2 2 2 2 2 2 2 2 2 2 2 2 2 2 2 2 2 2 2 2 2 2 2 2 2 2 2 2
left_child=1 2 18 -4 26 7 8 17 9 10 12 -12 -5 14 21 22 -10 -6 -1 20 -20 24 23 -14 25 -7 -2 29 -29 -28 -9 -31
right_child=4 -3 3 6 5 13 -8 30 16 -11 11 -13 15 -15 -16 -17 -18 -19 19 -21 -22 -23 -24 -25 -26 -27 27 28 -30 31 -32 -33
leaf_value=0.10951991799122451 -0.026913111635870415 -0.052090230944178723 0.11005403363246256 0.061209216284703084 0.022015731062446878 -0.0099927903503483888 0.10183424625942306 -0.026765253792473576 0.10171192515489383 0.068276291999691402 -0.0044293058294636685 0.1145855530702147 -0.042738397808991996 -0.051867869372528942 -0.051315577230438295 -0.049217441706429998 0.036805487291243909 0.075636625586777417 0.037212290997289128 0.11174450310998835 0.098006058658525186 0.027613085814540694 0.041169602137455574 0.003494273506949812 0.0020295770478434907 -0.04993636604760486 -0.051435157377132106 -0.0066066728628171095 -0.04991669145600483 -0.031009011116749544 -0.050320041483088412 -0.049171796072931068
leaf_weight=64.352772250771523 4.1861271299421778 22.988727532327175 12.106127887964247 4.9626719281077412 10.468911588191991 2.4773523695766944 10.355933099985121 2.2333105541765681 6.9355219192802888 9.9363754987716657 8.069582134485243 6.4439655393362036 5.0651668757200303 39.297282800078392 11.811844091862438 8.1261719278991205 6.6520184278488159 7.310007967054843 11.354574382305147 13.915050774812697 13.414796173572539 7.1294903829693785 4.3994798809289923 8.1012364476919156 2.628936268389225 3.6908905357122421 228.6033166013658 2.2997814379632464 3.9244127720594406 5.0456313863396627 4.662891361862421 3.2727139927446842
leaf_count=261 88 516 49 51 96 50 55 49 56 72 68 53 83 1004 296 95 61 61 65 66 59 82 39 77 49 78 5819 50 88 114 106 81
internal_value=-0.001334 0.0638914 0.077667 0.0514417 -0.0431366 -0.023729 0.0422745 0.0196177 0.0330876 0.0235861 0.0135154 0.0484932 -0.00298623 -0.0397643 -0.0223128 -0.0157693 0.0708022 0.044642 0.100747 0.085779 0.0706002 -0.000305186 0 -0.0141028 -0.023549 -0.0351068 -0.0503002 -0.0506711 -0.0350622 -0.0510451 -0.0438982 -0.039248
internal_weight=556.223 217.18 194.191 91.1543 339.043 91.7109 79.0481 24.6751 68.6922 55.1047 45.1683 14.5135 30.6547 67.0358 27.7385 25.6921 13.5875 17.7789 103.037 38.6844 24.7694 15.9267 17.5659 13.1664 8.79718 6.16824 247.332 243.146 6.22419 236.922 6.8962 8.31835
internal_count=9837 1726 1210 759 8111 1871 710 312 655 538 466 121 345 1559 555 294 117 157 451 190 124 259 199 160 177 128 6240 6152 138 6014 155 195
is_linear=0
shrinkage=0.05


Tree=11
num_leaves=32
num_cat=0
split_feature=16 15 7 16 6 35 16 9 30 35 10 14 43 7 15 10 50 32 45 38 13 38 6 45 30 13 16 13 35 14 35
split_gain=554.024 122.883 42.3864 26.222 20.8057 18.6826 24.0609 14.1811 12.1665 7.99935 8.30728 5.56762 5.95418 5.49318 6.77359 5.24357 4.49475 3.98072 3.77406 3.70377 3.004 1.14738 0.667841 0.594179 0.434887 0.341772 0.927069 0.289712 0.190135 0.111071 0.0605943
threshold=2.9950000000000006 2.9950000000000006 1.5000000000000002 1.2150000000000001 13.500000000000002 2253.1850000000004 4.8825000000000012 0.078461538461538485 2.5000000000000004 1977.8450000000003 1278.8850000000004 86.135697350057896 876.09400000000016 1.0000000180025095e-35 8.8550000000000022 8525.1050000000014 13537.000000000002 2.5000000000000004 19208.373980615284 68.645000000000024 7.4098945943171302 77.660000000000011 1.5000000000000002 19208.373980615284 2.5000000000000004 57.514789232621538 7.2025000000000015 9.1136271816087984 2006.2100000000003 59.48559441190973 2211.1250000000005
decision_type=2 2 2 2 2 2 2 2 2 2 2 2 2 2 2 2 2 2 2 2 2 2 2 2 2 2 2 2 2 2 2
left_child=1 2 3 19 8 22 7 16 9 10 -5 -12 23 14 18 -11 -7 -14 21 -1 -10 -8 -2 -13 -4 28 -27 -21 -24 -9 -30
right_child=5 -3 24 4 -6 6 13 29 20 15 11 12 17 -15 -16 -17 -18 -19 -20 27 -22 -23 25 -25 -26 26 -28 -29 30 -31 -32
leaf_value=0.065540452832913917 -0.026228353219059915 -0.051941275791622478 0.1055477882478752 0.056971918405350978 0.10612013823309022 0.057880661501906717 -0.0020521630024010373 -0.050141477607888389 0.040359817176867159 0.064101104360869784 0.035802500331141032 -0.053364893734216871 -0.016992936889168024 -0.051747994990320512 -0.051166783567793632 0.014221118892420895 0.0036511104138806797 0.039325824436573217 0.025670143644749944 0.11291101525466306 0.082112957953352439 -0.03988041464873484 -0.051294201152898844 -0.023446628592399991 0.089493402807256206 -0.0063271239307570856 -0.049684898687015755 0.091205550169456737 -0.030336248327085098 -0.025940805862857599 -0.048933882197760771
leaf_weight=11.71572785079479 4.0858383923768988 21.928964264690876 58.963756695389748 6.0441998429596415 10.332124605774878 12.540987089276319 4.0528271980583686 4.4620487280189982 8.6336346268653887 12.301471516489984 5.9432671517133739 7.5274198129773158 7.8117543496191484 37.465366944670677 11.267909590154884 9.8142697848379594 5.7878579571843138 5.0581383928656578 7.2889503501355639 11.983958512544634 11.123364746570585 4.5644682459533215 218.03698959574103 3.3536020331084728 15.355583742260931 2.2860983014106742 3.7504505105316639 11.607202768325804 4.9054660052061063 2.1725467778742313 3.1283324584364891
leaf_count=62 88 516 239 64 57 93 85 105 49 90 37 111 93 1004 296 74 64 48 82 57 62 92 5819 47 63 50 88 57 114 50 81
internal_value=-0.00134161 0.0600344 0.0725083 0.0543612 0.03957 -0.0427135 -0.0231318 0.018372 0.0305209 0.018769 0.00395674 -0.00682159 -0.0178026 -0.0392412 -0.0216882 0.0423547 0.0411402 0.00488856 -0.000304118 0.0908462 0.0644141 -0.0228905 -0.050108 -0.0448967 0.102423 -0.0504954 -0.0344504 0.102873 -0.0508863 -0.0434621 -0.0387054
internal_weight=545.295 219.498 197.569 123.25 87.9432 325.796 89.603 24.9634 77.6111 57.8541 35.7384 29.6942 23.7509 64.6395 27.1742 22.1157 18.3288 12.8699 15.9062 35.3069 19.757 8.6173 236.193 10.881 74.3193 232.107 6.03655 23.5912 226.071 6.6346 8.0338
internal_count=9837 1726 1210 908 732 8111 1871 312 675 564 400 336 299 1559 555 164 157 141 259 176 111 177 6240 158 302 6152 138 114 6014 155 195
is_linear=0
shrinkage=0.05


Tree=12
num_leaves=34
num_cat=0
split_feature=16 15 7 16 35 9 16 6 32 35 10 20 41 15 35 10 30 10 10 38 35 16 16 45 6 16 28 13 16 31 13 35 35
split_gain=507.159 109.225 39.6161 23.2083 18.6738 22.7813 18.1955 17.5237 11.0748 8.46027 9.68244 8.34079 7.15525 6.51113 5.37018 10.2919 4.76118 6.50524 3.6482 3.20377 2.75863 2.54901 2.47148 1.26763 0.686829 0.652398 0.433366 0.359384 0.910786 0.299622 0.235424 0.206436 0.0670389
threshold=2.9950000000000006 2.9950000000000006 1.5000000000000002 1.2150000000000001 2253.1850000000004 0.069047619047619066 8.2612500000000022 13.500000000000002 4.5000000000000009 1977.8450000000003 1278.8850000000004 -0.15859776196598832 19.635000000000002 4.0950000000000006 7566.6550000000016 7232.4450000000006 2.5000000000000004 7612.3450000000003 6819.3300000000008 68.645000000000024 1133.9050000000004 2.1025000000000005 5.8550000000000013 20050.752835328476 1.5000000000000002 4.291666666666667 7.5000000000000009 57.514789232621538 7.2025000000000015 3.5000000000000004 9.1136271816087984 2006.2100000000003 2211.1250000000005
decision_type=2 2 2 2 2 2 2 2 2 2 2 2 2 2 2 2 2 2 2 2 2 2 2 2 2 2 2 2 2 2 2 2 2
left_child=1 2 3 19 24 6 12 8 9 10 -5 -11 14 -14 15 -6 17 20 -13 -1 23 -22 -15 -12 -2 -7 -4 31 -29 -8 -21 -26 -33
right_child=4 -3 26 7 5 25 29 -9 -10 11 16 18 13 22 -16 -17 -18 -19 -20 30 21 -23 -24 -25 27 -27 -28 28 -30 -31 -32 32 -34
leaf_value=0.061230041557289575 -0.025547290277758119 -0.051798073632458509 0.099956934252969309 0.061833009679096565 0.01265877548450044 -0.026832412839904909 -0.051154460574281024 0.096612295068980308 0.07864864253163327 0.0027167885704407315 -0.054092952159846865 0.085022727708668699 0.039330106714735899 -0.054380689649452467 -0.0025782354321203637 0.1020277492160364 0.027115895139106751 0.037067007709000142 0.035611492238694739 0.10504717494567142 0.018094044249094412 -0.029839089547499489 -0.0027038724254058225 -0.01548109614671672 -0.051157194026074798 -0.051683388943326913 0.084421646694205113 -0.0060579884875290096 -0.049454509629868859 -0.022089431093560059 0.084936181867188876 -0.029662623164945407 -0.048695873135831805
leaf_weight=11.915100447833536 3.9901550486683837 20.915961045771837 59.068801373243332 6.9259210154414168 6.4210359528660792 4.1684823967516413 11.347958892583845 10.778941594064234 9.6525661870837194 8.2828330397605914 7.5983118116855675 9.6736745014786738 5.4761117510497561 4.622982654720543 4.5633682534098616 6.7405783869326115 9.9920792058110219 5.0818206295371047 7.1677660159766665 12.237458020448686 5.2237903736531717 5.5769020393490791 4.9816544353961945 3.6544802784919739 207.94496069848537 37.325150232762098 15.560288459062575 2.2730619460344306 3.5841962397098541 1.9083949029445637 11.841709993779657 4.771728202700614 2.9904186017811298
leaf_count=62 88 516 239 66 78 94 304 57 59 57 108 64 47 57 46 72 59 59 54 57 53 53 86 43 5819 1036 63 50 88 51 57 114 81
internal_value=-0.00134491 0.056597 0.0679649 0.0506683 -0.04229 -0.0225494 0.00156417 0.0368769 0.0285335 0.0213652 0.00798472 0.0445038 0.0216432 -0.00337731 0.0431111 0.0592294 -0.00206521 -0.0130543 0.0646226 0.0846667 -0.0249447 -0.00624407 -0.0283967 -0.0422405 -0.0499173 -0.0493776 0.096902 -0.0503219 -0.0338371 -0.0475413 0.0957559 -0.0507305 -0.0381574
internal_weight=534.259 221.148 200.232 125.603 313.11 87.5557 46.0621 89.6091 78.8301 69.1776 44.0533 25.1243 32.8057 15.0807 17.725 13.1616 37.1274 27.1353 16.8414 35.9943 22.0535 10.8007 9.60464 11.2528 225.555 41.4936 74.6291 221.564 5.85726 13.2564 24.0792 215.707 7.76215
internal_count=9837 1726 1210 908 8111 1871 741 732 675 616 441 175 386 190 196 150 375 316 118 176 257 106 143 151 6240 1130 302 6152 138 355 114 6014 195
is_linear=0
shrinkage=0.05


Tree=13
num_leaves=32
num_cat=0
split_feature=16 15 7 16 35 9 16 6 30 18 20 45 38 41 43 45 10 45 15 35 34 6 13 6 16 30 13 16 13 35 35
split_gain=465.225 97.5682 37.4066 20.7256 18.6727 21.9138 16.8463 14.9594 9.67784 6.25324 7.62049 6.64273 6.19468 8.83716 6.53772 3.58337 4.88612 3.50662 3.45816 3.02323 2.96649 2.74597 2.39453 0.705621 0.672814 0.507702 0.377012 0.894195 0.318594 0.223034 0.0732814
threshold=2.9950000000000006 2.9950000000000006 1.5000000000000002 1.2150000000000001 2253.1850000000004 0.069047619047619066 8.2612500000000022 13.500000000000002 2.5000000000000004 0.75054216756072345 -1.0000000180025095e-35 10238.393070715001 50.625000000000007 17.310000000000006 4991.1410000000005 16642.817043181534 4848.9000000000005 6878.0589583015289 0.97500000000000009 6716.3600000000015 16.500000000000004 8.5000000000000018 7.4098945943171302 1.5000000000000002 4.291666666666667 2.5000000000000004 57.514789232621538 7.2025000000000015 35.78525866250579 2006.2100000000003 2211.1250000000005
decision_type=2 2 2 2 2 2 2 2 2 2 2 2 2 2 2 2 2 2 2 2 2 2 2 2 2 2 2 2 2 2 2
left_child=1 2 3 18 23 6 12 8 9 10 21 17 -6 14 -14 -13 -17 -11 -1 20 -15 -5 -10 -2 -7 -4 29 -28 -8 -25 -31
right_child=4 -3 25 7 5 24 28 -9 22 11 -12 15 13 19 -16 16 -18 -19 -20 -21 -22 -23 -24 26 -26 -27 27 -29 -30 30 -32
leaf_value=0.09424003458635323 -0.024870481899358695 -0.051660190115202058 0.095215866053339121 -0.054155589417629241 0.069066739195334459 -0.026147623207123868 -0.051020403007925479 0.088626434289178491 0.034921557977307179 0.029910678511603863 0.033272336120078724 -0.0089200020091205964 0.069793119151182886 0.0057478597187730516 -0.0038649369950668057 -0.0044119276978652816 0.051522131019468169 0.082813513169452971 0.061051519725073979 0.019407568740066314 -0.047280075473587119 -0.0053123659336584339 0.071488016811237842 -0.051023733140065669 -0.051571885521862981 0.079534943887569806 -0.0057989960240826324 -0.049224989961793197 -0.021041094525928582 -0.028988628019730352 -0.048457282478762145
leaf_weight=19.650115981698036 3.8988766260445109 19.947903379797935 59.072526231408119 6.2699731588363665 5.3670453391969195 4.0689511075615874 10.848544947803019 11.161166582256554 8.9437812343239802 7.1209465190768224 7.1415083743631831 10.96641105040908 7.7333398982882517 3.8442806899547559 4.6776272878050804 6.4966426119208327 9.088128909468649 6.4724704176187515 16.89378434419632 4.4490445479750624 7.2326671034097672 5.7467163987457752 11.749152064323424 198.30800152942538 35.579822566360235 15.507331401109694 2.260642033070325 3.4253460876643658 1.8458220586180676 4.644140660762786 2.8587095998227596
leaf_count=79 88 516 239 85 54 94 304 57 49 56 99 92 86 43 47 56 62 47 97 52 104 67 62 5819 1036 63 50 88 51 114 81
internal_value=-0.00134581 0.053503 0.0639188 0.0473427 -0.0418559 -0.021966 0.0014223 0.0344269 0.0267012 0.0162578 -0.00701455 0.0274782 0.0202104 0.0104332 0.0418231 0.0125914 0.0280073 0.0558862 0.0792423 -0.0144459 -0.0285425 -0.0314467 0.0561679 -0.0497276 -0.0491609 0.0921332 -0.0501503 -0.0332224 -0.0472506 -0.0505773 -0.0376039
internal_weight=523.271 222.229 202.281 127.701 301.043 85.6471 45.9984 91.1569 79.9957 59.3028 19.1582 40.1446 33.304 27.937 12.411 26.5512 15.5848 13.5934 36.5439 15.526 11.0769 12.0167 20.6929 215.396 39.6488 74.5799 211.497 5.68599 12.6944 205.811 7.50285
internal_count=9837 1726 1210 908 8111 1871 741 732 675 564 251 313 386 332 133 210 118 103 176 199 147 152 111 6240 1130 302 6152 138 355 6014 195
is_linear=0
shrinkage=0.05


Tree=14
num_leaves=35
num_cat=0
split_feature=16 15 14 35 16 15 32 31 38 18 49 4 15 14 15 45 31 38 15 45 10 5 45 16 19 15 34 6 40 30 13 16 35 35
split_gain=427.683 87.61 35.6751 18.6689 20.7404 15.1464 11.7283 11.286 9.99667 8.41753 6.44705 6.38356 6.18403 5.39948 5.96937 5.14729 4.11877 5.5932 3.62055 3.37555 2.67843 2.29837 2.26544 1.4317 1.13225 1.08333 0.762834 0.724167 0.506574 0.638562 0.394627 0.877309 0.239904 0.0793011
threshold=2.9950000000000006 2.9950000000000006 144.51620478398732 2253.1850000000004 4.8825000000000012 0.97500000000000009 2.5000000000000004 2.5000000000000004 50.625000000000007 0.89704490120078306 5.5000000000000009 1.5000000000000002 4.035000000000001 582.78066025831026 8.8550000000000022 9962.1888990604184 1.5000000000000002 82.010000000000005 2.2650000000000001 19208.373980615284 3064.9100000000003 2.5000000000000004 11685.828459657641 4.432500000000001 0.15859776196598838 2.1050000000000004 25.500000000000004 1.5000000000000002 27.150000000000002 2.5000000000000004 57.514789232621538 7.2025000000000015 2006.2100000000003 2211.1250000000005
decision_type=2 2 2 2 2 2 2 2 2 2 2 2 2 2 2 2 2 2 2 2 2 2 2 2 2 2 2 2 2 2 2 2 2 2
left_child=1 2 10 27 8 -4 9 15 -5 18 -1 12 -10 -6 19 -8 22 -18 20 24 -7 -17 -11 -14 -15 28 -26 -2 -12 -30 32 -32 -29 -34
right_child=3 -3 5 4 13 6 7 -9 11 16 25 -13 23 14 -16 21 17 -19 -20 -21 -22 -23 -24 -25 26 -27 -28 30 29 -31 31 -33 33 -35
leaf_value=0.042741692412919689 -0.024198500723961069 -0.051527204864835585 0.090862424766747246 0.088785942339819124 -0.051422488182420345 -0.026863823535060668 0.061989796510892328 0.083749697054032249 0.020754990414520124 0.066026160343197346 0.076742684506844669 0.058163706059107617 -0.053699962670345741 0.0031002321989523074 -0.050765550795018821 -0.010035379769164004 -0.022740387384669106 0.041289888407345994 -0.051733334099490484 0.022756035456393153 0.018832094813199043 0.028881391192696077 0.027702718753974537 -0.01061809936036049 -0.04983779183202685 0.071512371589489296 -0.010256088275493949 -0.050893434689875387 0.095219625844712885 0.076802973671231511 -0.00554987603202187 -0.048995824558878853 -0.028314797484172646 -0.048217625900552029
leaf_weight=10.946639388799666 3.8118109367787829 19.023023437708616 12.129455178976057 3.9042692668736008 32.517609801143408 5.3064521662890929 7.3861927762627628 16.00173794478178 8.0967355147004181 8.1228174492716843 17.599262520670891 4.072307225316762 5.8233782015740854 2.5832726098597103 9.8577385097742063 6.8924696333706361 6.7068787887692434 6.6557520627975464 4.4045697636902323 7.5320356190204611 7.7794548459351063 7.9006357714533806 8.9840076416730863 3.4296806752681732 3.5027682259678841 19.29768930375576 2.4923303537070751 189.10746878758073 44.963246122002602 12.517379671335219 2.248809650540351 3.2736040875315666 4.5224354043602935 2.7329507768154144
leaf_count=54 88 516 49 38 1004 67 49 86 81 56 74 35 99 52 296 57 54 46 79 82 91 55 70 59 74 85 51 5819 187 51 50 88 114 81
internal_value=-0.0013438 0.0507402 0.0603408 -0.0414147 -0.0213816 0.0385128 0.0309867 0.051683 0.0162335 0.0143329 0.0806036 0.0024271 -0.0106271 -0.0377555 -0.0203182 0.0280514 0.0302173 0.00885066 -0.0130689 -0.00118119 0 0.0104678 0.0464684 -0.0385503 -0.0227949 0.0848923 -0.0346411 -0.0495385 0.0881652 0.0914363 -0.04998 -0.0326067 -0.0504263 -0.0370452
internal_weight=512.127 222.618 203.595 289.509 83.8121 98.2704 86.141 38.181 25.3264 47.9599 105.324 21.4221 17.3498 58.4858 25.9681 22.1793 30.4695 13.3626 17.4905 16.1104 13.0859 14.7931 17.1068 9.25306 8.57837 94.3776 5.9951 205.697 75.0799 57.4806 201.885 5.52241 196.363 7.25539
internal_count=9837 1726 1210 8111 1871 759 710 247 312 463 451 274 239 1559 555 161 226 100 237 259 158 112 126 158 177 397 125 6240 312 238 6152 138 6014 195
is_linear=0
shrinkage=0.05


Tree=15
num_leaves=32
num_cat=0
split_feature=16 15 7 35 9 15 16 6 30 50 43 40 16 23 35 33 50 13 45 41 20 5 40 6 16 30 13 41 19 35 35
split_gain=393.687 78.9233 34.4878 18.6413 20.4948 18.6357 14.7124 13.4971 6.74792 5.25692 5.80245 4.7401 5.23897 5.6151 3.68217 4.54263 4.69826 4.46885 3.9617 3.65483 3.35777 3.31936 2.07036 0.742416 0.703876 0.533547 0.4122 1.20326 0.402674 0.257025 0.0850792
threshold=2.9950000000000006 2.9950000000000006 1.5000000000000002 2253.1850000000004 0.069047619047619066 0.97500000000000009 8.2612500000000022 13.500000000000002 3.5000000000000004 13537.000000000002 4057.9640000000009 23.870000000000001 1.2150000000000001 0.18465909090909094 2351.4500000000003 1.0000000180025095e-35 8.5000000000000018 18.498753201614587 11590.250232194863 17.310000000000006 -1.0000000180025095e-35 3.5000000000000004 39.625000000000007 1.5000000000000002 4.291666666666667 2.5000000000000004 57.514789232621538 17.23 0.14014115589529602 2006.2100000000003 2211.1250000000005
decision_type=2 2 2 2 2 2 2 2 2 2 2 2 2 2 2 2 2 2 2 2 2 2 2 2 2 2 2 2 2 2 2
left_child=1 2 5 23 6 -1 9 8 11 10 19 -7 -13 14 15 16 -14 21 -16 -5 -11 -17 -22 -2 -6 -4 29 -28 -8 -25 -31
right_child=3 -3 25 4 24 7 28 -9 -10 20 -12 12 13 -15 18 17 -18 -19 -20 -21 22 -23 -24 26 -26 -27 27 -29 -30 30 -32
leaf_value=0.086995287514879616 -0.023531919687482097 -0.051398726413441093 0.087582065332769812 0.041595104844380761 -0.025006371941391322 0.050486558059982069 -0.017035524423276018 0.079948091363451823 0.06278955751220279 0.024190792396253099 0.059077439632474131 0.047955207816859996 -0.0090522525584606339 -0.025888745121332091 0.061993443247121874 -0.045243094526605208 0.048668550307979716 0.02901691756137503 0.01528993879668158 -0.017187787892357659 0 0.0034857653728276928 -0.052577991790099289 -0.050765939188949699 -0.051375515930110464 0.072230471673808347 0 -0.049284430556403441 -0.050786907509398696 -0.027641681840054388 -0.047976456675848683
leaf_weight=19.307231798768044 3.7287719771265975 18.139596503227949 58.15150061249733 4.3444648571312445 3.9094624109566203 12.539888869971035 1.6301593184471119 13.784007638692854 11.627399399876593 4.935990396887064 10.728268545120953 11.509293191134928 5.3124208692461243 8.6345864906907064 7.8407087847590473 7.8686907999217528 9.5313751939684135 5.370746847242116 11.731136374175547 6.3197778910398483 3.6711651980876905 5.8835040777921677 3.9760245345532894 180.32525039836764 32.463704900816083 15.44142100214958 1.9247491359710682 3.4414704851806164 10.034242808818815 4.4063550755381575 2.6128943972289562
leaf_count=79 88 516 239 42 94 93 49 66 56 66 97 69 69 70 50 82 95 47 75 78 50 57 53 5819 1036 63 50 88 306 114 81
internal_value=-0.0013376 0.0481982 0.0570765 -0.0409715 -0.0208077 0.0415552 0.0014134 0.0335807 0.0269229 0.0181599 0.0332317 0.0219611 0.0169768 0.0110941 0.017189 0.00701046 0.027754 -0.00889182 0.0344741 0.006459 -0.00712932 -0.0241602 -0.028042 -0.0493496 -0.0487547 0.0845312 -0.0498107 -0.0319901 -0.0466799 -0.0502772 -0.0364811
internal_weight=501.126 222.674 204.534 278.453 82.0133 130.941 45.6401 111.634 97.8498 33.9757 21.3925 86.2224 73.6825 62.1732 53.5386 33.9667 14.8438 19.1229 19.5718 10.6642 12.5832 13.7522 7.64719 196.439 36.3732 73.5929 192.711 5.36622 11.6644 187.344 7.01925
internal_count=9837 1726 1210 8111 1871 908 741 829 763 386 217 707 614 545 475 350 164 186 125 120 169 139 103 6240 1130 302 6152 138 355 6014 195
is_linear=0
shrinkage=0.05


Tree=16
num_leaves=33
num_cat=0
split_feature=16 15 7 35 9 15 16 6 32 38 49 45 23 50 18 19 18 34 13 45 16 15 40 29 6 16 30 13 15 19 35 35
split_gain=362.994 71.3761 33.0461 18.5933 19.6941 17.7563 13.6681 11.8646 7.73347 5.84544 6.38098 7.04287 5.42861 4.6176 5.74699 4.57705 5.86238 4.60552 4.70836 4.02521 3.74062 3.40125 2.87734 2.06018 0.760289 0.723814 0.549394 0.431286 1.09256 0.408398 0.27437 0.0905979
threshold=2.9950000000000006 2.9950000000000006 1.5000000000000002 2253.1850000000004 0.069047619047619066 0.97500000000000009 8.2612500000000022 13.500000000000002 4.5000000000000009 47.840000000000011 8.5000000000000018 16048.331345735141 0.18465909090909094 13537.000000000002 4.157301798610419 0.1362397365812669 2.9745320786774165 32.500000000000007 11.611050621093751 14651.89484740389 4.0150000000000006 1.6050000000000002 39.710000000000008 14.500000000000002 1.5000000000000002 4.291666666666667 2.5000000000000004 57.514789232621538 6.2650000000000006 0.14014115589529602 2006.2100000000003 2211.1250000000005
decision_type=2 2 2 2 2 2 2 2 2 2 2 2 2 2 2 2 2 2 2 2 2 2 2 2 2 2 2 2 2 2 2 2
left_child=1 2 5 24 6 -1 13 8 9 -7 12 -12 15 14 20 -11 17 18 19 -17 -5 -20 -15 -22 -2 -6 -4 30 -29 -8 -26 -32
right_child=3 -3 26 4 25 7 29 -9 -10 10 11 -13 -14 22 -16 16 -18 -19 21 -21 23 -23 -24 -25 27 -27 -28 28 -30 -31 31 -33
leaf_value=0.083872961705171112 -0.022871302619818158 -0.051274378253620884 0.084324637850940909 0.044371965967394934 -0.024332603980026696 -0.01897527510678175 -0.016483527343198877 0.074546327266696785 0.062545365381739979 0.057708075947313212 0.08785277322145886 0.019687985856928131 -0.022232549571907054 0.013186530622359617 0.066839387885729171 -0.0075728747985288163 0.050729719095039455 0.037144119673099461 0 0.041190195982647788 0.014414097185848474 -0.055141091751211693 -0.034712275232239735 -0.032577499255871147 -0.050640887636135778 -0.051275997075533736 0.069043305288577522 0 -0.048938234364588933 -0.050651068451499248 -0.026969853491542847 -0.047733336111387324
leaf_weight=19.035170763731003 3.6495819613337508 17.295947354286909 57.400473907589912 5.4896876811981228 3.8218567706644526 8.5103414691984636 1.6045249011367548 14.04382514208555 12.226418726146219 7.876478385180234 7.4592081606388083 8.2235497422516328 7.5858593918383113 7.2086251117289049 7.3275290206074706 9.4332254715263897 9.732500381767748 9.4350874498486501 5.6312873028218728 7.3510333821177474 4.7846989631652814 5.6204646602272987 5.3043066076934338 4.2503205612301826 171.94387348182499 30.939045725390315 15.353272229433058 1.9931272007524956 3.2207244653254747 9.5700838305056077 4.2956516593694678 2.4983014762401581
leaf_count=79 88 516 239 35 94 80 49 66 68 75 49 51 60 97 68 83 57 60 45 69 58 66 72 56 5819 1036 63 50 88 306 114 81
internal_value=-0.00133071 0.0458944 0.0541412 -0.0405232 -0.0202479 0.0391207 0.00129374 0.0314791 0.0252556 0.0198833 0.0241867 0.0527773 0.0168792 0.01703 0.0308927 0.022387 0.0162781 0.00708551 -0.0029486 0.0136053 0.0120831 -0.0279849 -0.00683587 -0.00725932 -0.0491598 -0.0485354 0.0812676 -0.0496415 -0.031347 -0.0463783 -0.0501294 -0.035912
internal_weight=490.116 222.214 204.918 267.902 80.3007 132.164 45.5398 113.129 99.0855 86.859 78.3487 15.6828 62.6659 34.3652 21.8522 55.0801 47.2036 37.4711 28.036 16.7843 14.5247 11.2518 12.5129 9.03502 187.601 34.7609 72.7537 183.952 5.21385 11.1746 178.738 6.79395
internal_count=9837 1726 1210 8111 1871 908 741 829 763 695 615 100 515 386 217 455 380 323 263 152 149 111 169 114 6240 1130 302 6152 138 355 6014 195
is_linear=0
shrinkage=0.05


Tree=17
num_leaves=34
num_cat=0
split_feature=16 15 7 35 9 15 16 6 30 41 33 43 10 19 50 38 27 38 10 10 38 13 45 38 6 16 28 13 41 31 35 35 38
split_gain=335.071 64.7462 31.7711 18.5319 18.9247 16.973 12.7186 10.4962 5.55639 4.48977 5.98016 5.8328 6.89971 3.87071 4.94804 4.67669 5.45159 6.19193 6.63384 5.50911 3.97239 2.53721 1.75476 1.72838 0.777779 0.743464 0.588846 0.449341 1.2076 0.417777 0.291913 0.0958409 0.0406009
threshold=2.9950000000000006 2.9950000000000006 1.5000000000000002 2253.1850000000004 0.069047619047619066 0.97500000000000009 8.2612500000000022 13.500000000000002 3.5000000000000004 19.635000000000002 1.5000000000000002 4991.1410000000005 7232.4450000000006 0.1362397365812669 16399.500000000004 48.790000000000013 1.0000000180025095e-35 103.38500000000001 5668.04 4681.7800000000007 78.160000000000011 9.0118524562152782 13238.826919287641 84.195000000000007 1.5000000000000002 4.291666666666667 7.5000000000000009 57.514789232621538 17.23 3.5000000000000004 2006.2100000000003 2211.1250000000005 106.56000000000002
decision_type=2 2 2 2 2 2 2 2 2 2 2 2 2 2 2 2 2 2 2 2 2 2 2 2 2 2 2 2 2 2 2 2 2
left_child=1 2 5 24 6 -1 9 8 13 11 21 12 -5 20 15 -15 17 18 23 -18 -7 -11 -16 -17 -2 -6 32 30 -29 -8 -26 -32 -4
right_child=3 -3 26 4 25 7 29 -9 -10 10 -12 -13 -14 14 22 16 19 -19 -20 -21 -22 -23 -24 -25 27 -27 -28 28 -30 -31 31 -33 -34
leaf_value=0.081105195366045768 -0.02221721933624058 -0.051153798975732578 0.083918932691493017 0.012599151795580844 -0.023664163742512751 0.01224356642813622 -0.050527968118718951 0.069761091356341051 0.055819968041553328 0.0017152167801189869 0.044678372834761164 -0.0057926899083549036 0.086525452501437061 -0.019792670983347853 0.0034738619965740229 0.0086283300274578294 0.029817719051044019 -0.0017906409919401574 0.070389509067031286 -0.030991671673971818 0.065538844861030496 -0.045824896982285659 -0.033652991162396971 0.041473887736427899 -0.050517936426333926 -0.051180089565986742 0.06596782810179963 0 -0.048920168892766534 -0.015829399424086118 -0.026299891777001223 -0.047487834417487162 0.070984877696163629
leaf_weight=18.712038338184357 3.5740694850683203 16.490449909120798 44.818476974964142 6.3509620912373084 3.738301705569028 6.5350530296564093 9.1297538708895427 14.257815800607203 11.957111790776251 4.8402354940772039 4.2995745297521344 6.5998730696737757 6.6404790133237839 6.3302808366715899 6.2299883589148504 9.6876170597970539 7.2196561694145185 8.8959375359117967 14.123049616813658 7.4729971028864384 8.3079677224159223 5.976943027228117 5.9467118792235851 7.4735924378037444 163.94638546183705 29.484074233099818 15.088211953639982 1.8705360777676094 3.2008404992520809 1.5773851368576277 4.1900881826877585 2.3889404218643904 11.82138156890869
leaf_count=79 88 516 189 72 94 56 304 66 56 53 57 64 60 60 55 80 54 66 99 50 69 80 57 61 5819 1036 63 50 88 51 114 81 50
internal_value=-0.0013235 0.0437764 0.0514629 -0.0400701 -0.0196933 0.0368936 0.0011939 0.0295563 0.0237206 0.0160093 -0.00416882 0.0317749 0.0511403 0.0192552 0.0144037 0.0202255 0.0249606 0.0344736 0.0449178 -0.000773654 0.0426477 -0.0242738 -0.0143769 0.0233794 -0.0489695 -0.0483143 0.0783493 -0.0494726 -0.0307206 -0.0460726 -0.0499826 -0.035338 0.0814374
internal_weight=479.177 221.368 204.878 257.808 78.6376 133.15 45.4152 114.438 100.18 34.7081 15.1168 19.5913 12.9914 88.2229 73.3798 61.2031 54.8728 40.1802 31.2843 14.6927 14.843 10.8172 12.1767 17.1612 179.171 33.2224 71.7281 175.597 5.07138 10.7071 170.525 6.57903 56.6399
internal_count=9837 1726 1210 8111 1871 908 741 829 763 386 190 196 132 707 582 470 410 306 240 104 125 133 112 141 6240 1130 302 6152 138 355 6014 195 239
is_linear=0
shrinkage=0.05


Tree=18
num_leaves=41
num_cat=0
split_feature=15 15 35 15 6 32 9 7 50 15 30 32 13 45 20 45 15 45 26 30 29 5 10 43 15 38 45 45 15 6 15 10 38 49 6 45 13 15 35 35
split_gain=297.871 46.0112 18.8474 18.9287 11.6928 10.4405 8.28026 5.33492 5.26178 5.13339 4.90382 4.2458 7.9039 7.06244 6.72697 5.91928 5.10429 4.9206 4.86867 4.25908 6.61162 3.82855 3.49978 3.47152 3.21264 5.03199 2.8622 2.79203 2.78988 2.65416 2.59371 4.04276 1.72089 0.979133 0.793666 0.686243 0.514316 0.996302 0.298455 0.109819
threshold=2.9950000000000006 1.0850000000000002 2253.1850000000004 4.8950000000000005 15.500000000000002 4.5000000000000009 0.11324786324786326 1.0000000180025095e-35 18763.000000000004 8.8550000000000022 2.5000000000000004 2.5000000000000004 0.19898376995949077 24064.13571307695 -0.14215154528548815 3420.3549691430558 1.6050000000000002 14040.925329542086 3.5000000000000004 1.5000000000000002 19.500000000000004 2.5000000000000004 10088.465000000002 830.22500000000002 5.8550000000000013 77.660000000000011 17528.297270245977 11070.594802707225 0.97500000000000009 7.5000000000000009 2.5550000000000002 6618.670000000001 81.055000000000021 15.500000000000002 1.5000000000000002 18469.865275331813 57.514789232621538 6.8250000000000011 2006.2100000000003 2211.1250000000005
decision_type=2 2 2 2 2 2 2 2 2 2 2 2 2 2 2 2 2 2 2 2 2 2 2 2 2 2 2 2 2 2 2 2 2 2 2 2 2 2 2 2
left_child=1 28 34 6 5 8 21 9 11 24 -7 12 -3 15 -13 -14 26 18 -16 29 -21 -4 -23 -19 -5 -26 27 -17 -1 -18 31 -31 -15 -6 -2 -27 38 -38 -36 -40
right_child=2 4 3 7 33 10 -8 -9 -10 -11 -12 14 13 32 17 16 19 23 -20 20 -22 22 -24 -25 25 35 -28 -29 -30 30 -32 -33 -34 -35 36 -37 37 -39 39 -41
leaf_value=0.077819413223227885 -0.02157021325931258 0.073217020354197082 0.0042438839621134613 -0.040103995144430381 0.047357677430486557 0.026644280710336029 -0.048974197227435512 -0.051203876705124843 -0.031811548203924331 -0.05027062077752667 0.084894769674122766 -0.010015899439841568 0.059867839502379186 0.068832572861593042 0.095154775721541601 0.0049253660844599968 -0.050664901334239822 -0.010643313626986747 0.030811091360813989 0.036198370279327749 -0.026641927188076106 0.077371521711296187 0.021341962014795234 0.039870974574777493 0.043200316956390906 -0.035343107890743845 -0.01174292056756804 0.048674623133214877 0.049954841781107498 -0.028580463235672843 -0.046282919246745872 0.040332079463649237 0.02358385929131443 0.075153024692575413 -0.050401702149345529 -5.564142559641702e-05 0 -0.048200715378522919 -0.025688121873146143 -0.047417450711126824
leaf_weight=59.90531750023365 3.5020701587200156 4.5693990495055905 8.727349475026136 4.023665349930531 8.3716445025056618 7.2449079100042573 3.8043379411101332 27.029968770220876 5.7304581552743903 8.2674903310835344 8.1325050946325046 7.5004536770284167 3.7612292934209099 4.4713384769856912 6.6981488335877675 7.5790286362171191 8.9419237431138772 4.9919293336570254 5.9484565313905478 8.0482652802020329 8.4676710572093707 5.5882257111370546 6.310549259185791 9.5505686458200199 6.0310222655534726 3.3412662819027901 6.5503599029034367 7.5243643932044506 12.787264520302413 4.7161273062229139 4.1028663553297511 3.7031091712415218 5.0562804862856865 9.4039631485939008 154.13922593928874 2.7819189317524433 1.9891876894980658 2.7109814062714577 4.1019709035754195 2.3819299750030041
leaf_count=261 88 37 93 61 64 74 133 955 67 296 37 62 34 47 53 87 131 52 62 90 91 49 51 89 94 70 77 70 91 84 69 47 56 64 5687 32 51 81 116 84
internal_value=-0.00131214 0.040363 -0.0394371 -0.0186029 0.0245574 0.0193926 0.0174547 -0.0358136 0.0142542 -0.0184531 0.0581232 0.0166781 0.010052 0.00593065 0.0312649 -5.02464e-05 -0.00400701 0.042831 0.0657615 -0.0151049 0.00371298 0.0301254 0.0484983 0.0222355 -0.00167705 0.0108597 0.0152084 0.0272265 0.0730618 -0.0297667 -0.0141641 0.00126069 0.0458329 0.0626803 -0.0487582 -0.0203731 -0.0492905 -0.0290111 -0.0498344 -0.035029
internal_weight=468.489 223.758 244.731 75.9058 151.065 133.289 24.4305 51.4753 117.912 24.4454 15.3774 112.182 77.492 72.9226 34.6896 63.3949 59.6337 27.1891 12.6466 37.98 16.5159 20.6261 11.8988 14.5425 16.1779 12.1542 21.6538 15.1034 72.6926 21.464 12.5221 8.41924 9.52762 17.7756 168.825 6.12319 165.323 4.70017 160.623 6.4839
internal_count=9837 1896 7941 1834 1544 1416 326 1508 1305 553 111 1238 920 883 318 780 746 256 115 512 181 193 100 141 257 196 234 157 352 331 200 131 103 128 6107 102 6019 132 5887 200
is_linear=0
shrinkage=0.05


Tree=19
num_leaves=34
num_cat=0
split_feature=16 15 7 35 16 15 6 38 34 32 7 15 38 26 19 50 15 13 10 40 45 15 38 41 41 45 6 45 30 13 41 35 35
split_gain=289.587 54.1449 30.1915 18.2929 16.2498 15.5118 8.76887 7.37471 7.02286 5.88533 5.24217 4.86711 4.63691 4.6053 4.30695 5.0406 5.67615 4.99721 6.2923 3.54054 3.17544 3.13014 4.43346 2.73435 1.5945 1.21323 0.812854 0.716433 0.66173 0.485558 1.24318 0.326398 0.104742
threshold=2.9950000000000006 2.9950000000000006 1.5000000000000002 2253.1850000000004 4.8825000000000012 0.97500000000000009 13.500000000000002 50.625000000000007 10.500000000000002 4.5000000000000009 1.0000000180025095e-35 8.8550000000000022 47.840000000000011 2.5000000000000004 0.1362397365812669 16399.500000000004 1.5550000000000004 2.6974052347858799 2677.4400000000005 31.895000000000003 14226.78808316653 5.8550000000000013 77.660000000000011 22.180000000000003 17.23 12369.850958113891 1.5000000000000002 18955.182412141807 2.5000000000000004 57.514789232621538 17.185000000000006 2006.2100000000003 2211.1250000000005
decision_type=2 2 2 2 2 2 2 2 2 2 2 2 2 2 2 2 2 2 2 2 2 2 2 2 2 2 2 2 2 2 2 2 2
left_child=1 2 5 26 7 -1 9 -5 -9 12 11 21 -7 24 20 16 23 -18 -19 -20 -14 -6 -23 -16 -10 -15 -2 -24 -4 31 -31 -28 -33
right_child=3 -3 28 4 10 6 -8 8 13 -11 -12 -13 14 25 15 -17 17 18 19 -21 -22 22 27 -25 -26 -27 29 -29 -30 30 -32 32 -34
leaf_value=0.076445773301201073 -0.020930826022665772 -0.050927067428809251 0.077142300709549541 0.072638194039376519 -0.039999861617536075 -0.018483027693509825 0.062801723324065181 0.06488976166752404 -0.010741503882554624 0.052965229207196478 -0.050982975375292908 -0.050140619406900434 0.069879608809241822 -0.0057499683298994735 0.056857615001588702 -0.017017261840563246 -0.025235350993094038 -0.020912635385561536 0.058135976890099264 0.014727720617164892 0.021718853222645305 0.039620109160388606 -0.035063080729931841 0.017942351404875819 -0.05427901028485909 0.031044092362773303 -0.050291269368659297 0 0.061324580261927365 0.0010255085250976694 -0.0486102266962627 -0.025028513892617118 -0.047005542290021157
leaf_weight=17.951544672250748 3.4334265440702429 15.015192586928604 54.468299403786659 4.2715099938213852 4.0399034768343034 8.3952094223350269 14.50372678041458 3.5150023140013245 4.1555518563836831 12.708790332078932 25.986747412011027 7.8844117876142255 6.8048066906630975 3.7084208782762271 12.115210808813574 10.416400395333765 8.2965932823717576 7.1561460532248047 8.3092549145221728 11.812631640583275 7.8670926243066788 6.2502926141023618 3.3019049186259508 8.0857863016426545 5.1720732152462006 4.8230840899050236 149.84937389940023 2.7172380313277245 14.860158950090407 1.7889101617038239 3.0212144330143929 4.0020063593983641 2.1915760934352875
leaf_count=79 88 516 239 38 63 80 66 37 52 68 1004 296 52 42 73 93 70 64 58 85 64 94 71 56 83 60 5819 31 63 49 89 114 81
internal_value=-0.00129641 0.0402955 0.0470643 -0.0392127 -0.0187565 0.0331332 0.0263547 0.013446 0.00110072 0.0210651 -0.0353076 -0.0181242 0.016413 -0.0114671 0.020116 0.0145286 0.0205293 0.00828853 0.0187223 0.0330991 0.0447161 -0.00213059 0.0101568 0.0416925 -0.0357326 0.0145901 -0.0486066 -0.0197684 0.0739171 -0.0491529 -0.0294872 -0.0497078 -0.0342228
internal_weight=458.879 218.767 203.752 240.113 75.8261 134.423 116.472 25.6456 21.3741 101.968 50.1805 24.1938 89.2591 17.8591 80.8639 66.192 55.7756 35.5746 27.278 20.1219 14.6719 16.3093 12.2694 20.201 9.32763 8.5315 164.287 6.01914 69.3285 160.853 4.81012 156.043 6.19358
internal_count=9837 1726 1210 8111 1871 908 829 312 274 763 1559 555 695 237 615 499 406 277 207 143 116 259 196 129 135 102 6240 102 302 6152 138 6014 195
is_linear=0
shrinkage=0.05


Tree=20
num_leaves=32
num_cat=0
split_feature=16 15 7 35 9 15 15 6 30 40 16 22 18 33 50 16 29 41 13 5 15 34 45 6 35 16 30 13 41 35 14
split_gain=267.921 49.4376 29.1986 18.2021 17.084 14.9288 10.5241 7.85495 4.53657 3.6744 3.83741 4.42922 4.69062 3.84953 4.5486 3.60402 3.88236 5.60491 3.10899 5.12032 2.80664 2.36414 1.88019 0.828857 0.803854 0.793323 0.689892 0.505346 1.21062 0.344345 1.11879
threshold=2.9950000000000006 2.9950000000000006 1.5000000000000002 2253.1850000000004 0.069047619047619066 0.97500000000000009 8.8550000000000022 13.500000000000002 3.5000000000000004 23.870000000000001 1.2150000000000001 1.0000000180025095e-35 2.7390498788814397 1.0000000180025095e-35 8.5000000000000018 4.0150000000000006 22.500000000000004 18.105000000000004 18.498753201614587 3.5000000000000004 6.8250000000000011 17.500000000000004 14566.117568042779 1.5000000000000002 1237.8400000000004 4.291666666666667 2.5000000000000004 57.514789232621538 17.185000000000006 2006.2100000000003 582.78066025831026
decision_type=2 2 2 2 2 2 2 2 2 2 2 2 2 2 2 2 2 2 2 2 2 2 2 2 2 2 2 2 2 2 2
left_child=1 2 5 23 6 -1 15 8 9 -7 -11 12 13 14 -12 -5 17 21 19 -15 -19 -17 -13 -2 -16 -6 -4 29 -29 -25 -31
right_child=3 -3 26 4 25 7 -8 -9 -10 10 11 22 -14 18 24 16 -18 20 -20 -21 -22 -23 -24 27 -26 -27 -28 28 -30 30 -32
leaf_value=0.07444955585020499 -0.020299573132344484 -0.050815684465741751 0.074992417958378688 0.034751205774611514 -0.021914738408326029 0.040046593551436721 -0.050113226487386503 0.059199351111602821 0.048589836166345643 0.037101679461404705 -0.0097308693345580215 0 0.041975563193669983 -0.046813179814910504 0.05347988664783624 0.064322909338748999 -0.032139519300444667 -0.036611195135716028 0.019794212452682119 0.0098056971013262932 0.020528416831294867 0.01288549186395347 -0.037985639947237609 -0.050172522684605862 0.024471519420081297 -0.050950051329694324 0.059016365021183043 0.00097605058407153377 -0.048378635435728769 -0.049158352916920924 -0.0013893363588600445
leaf_weight=17.524719461798668 3.367986883968114 14.31362698599696 53.261714562773705 12.157984435558317 3.5287720188498524 13.460587475448845 8.0737623926252109 14.619893394410608 12.182994857430456 12.320630505681036 7.0054456181824234 6.0890165530145151 11.002267010509966 8.5995897538959998 6.247532529756425 4.797280261293059 6.2589156460016957 5.6005894448608142 6.4402509629726401 7.105751357972621 3.2485311813652515 4.7620171532034874 6.5882028099149466 142.87027073092759 5.7769961729645729 25.950291173532605 14.677842035889624 1.7906029503792513 2.887747909873724 3.9145792555063954 2.091845665127039
leaf_count=79 88 516 239 86 94 93 316 66 56 69 77 49 66 87 56 53 93 84 51 58 57 52 53 5819 48 1036 63 49 89 126 69
internal_value=-0.00128516 0.0385714 0.0449237 -0.0387369 -0.0182215 0.0313615 0.00110414 0.0248313 0.0198432 0.0158748 0.0115478 0.00656666 0.0130653 0.00513629 0.0216489 0.012574 0.00134528 0.0131125 -0.00886193 -0.0209801 -0.0150814 0.0396154 -0.0196827 -0.0484112 0.0402724 -0.0477293 0.0717062 -0.0489816 -0.028817 -0.0495619 -0.0336359
internal_weight=448.518 217.217 202.903 231.301 74.3781 134.964 44.8991 117.439 102.819 90.6363 77.1757 64.8551 52.1778 41.1756 19.03 36.8253 24.6673 18.4084 22.1456 15.7053 8.84912 9.5593 12.6772 156.923 12.0245 29.4791 67.9396 153.555 4.67835 148.877 6.00642
internal_count=9837 1726 1210 8111 1871 908 741 829 763 707 614 545 443 377 181 425 339 246 196 145 141 105 102 6240 104 1130 302 6152 138 6014 195
is_linear=0
shrinkage=0.05


Tree=21
num_leaves=35
num_cat=0
split_feature=16 15 7 35 9 15 15 32 31 40 49 31 13 35 41 22 28 49 16 41 40 29 16 30 38 6 16 30 13 41 35 14 38 38
split_gain=248.023 45.227 28.2662 18.1027 16.3977 14.3804 9.86592 8.36729 7.38178 6.38978 4.70948 6.14346 5.14851 4.72 4.685 3.73886 4.39224 3.7394 3.25625 3.14352 3.07862 5.88484 4.61796 2.38708 0.909347 0.844271 0.811576 0.721051 0.524893 1.17837 0.362793 1.09426 0.177323 1.84593
threshold=2.9950000000000006 2.9950000000000006 1.5000000000000002 2253.1850000000004 0.069047619047619066 0.97500000000000009 8.8550000000000022 2.5000000000000004 3.5000000000000004 42.430000000000007 8.5000000000000018 1.5000000000000002 0.19898376995949077 2443.4200000000005 17.400000000000002 1.0000000180025095e-35 4.5000000000000009 5.5000000000000009 4.8825000000000012 20.245000000000005 41.060000000000009 22.500000000000004 6.3573333333333339 1.5000000000000002 82.260000000000019 1.5000000000000002 4.291666666666667 2.5000000000000004 57.514789232621538 17.185000000000006 2006.2100000000003 582.78066025831026 116.04500000000002 116.70500000000003
decision_type=2 2 2 2 2 2 2 2 2 2 2 2 2 2 2 2 2 2 2 2 2 2 2 2 2 2 2 2 2 2 2 2 2 2
left_child=1 2 5 25 6 -1 18 10 9 14 12 -12 -7 15 -9 16 17 24 19 -5 21 22 -20 -16 -14 -2 -6 -4 30 -30 32 -32 -27 -34
right_child=3 -3 27 4 26 7 -8 8 -10 -11 11 -13 13 -15 23 -17 -18 -19 20 -21 -22 -23 -24 -25 -26 28 -28 -29 29 -31 31 -33 33 -35
leaf_value=0.072643200462677401 -0.019676955368929144 -0.050706788461703692 0.073041527720877894 0.041366942522830775 -0.021269922366320262 0.052320423496987192 -0.049988358098422364 0.068041011170235741 0.074629589649701775 -0.0037532349285848616 0.0552732185613133 0.0013043079544327572 -0.021439420745222076 0.022537628186343098 0.0040346441059821254 -0.049907681065098783 0.02422864974467108 0.0081996952210536198 -0.011108032676124596 0.000438341173774109 -0.034690042880214315 -0.050002589866049989 0.061790258943258736 0.042622252202982762 -0.056113314997889047 -0.050758208229155444 -0.05086468702069416 0.056860266595116706 0.00092901576415248168 -0.048145665296142441 -0.048963232495469015 -0.0013247279681775955 0.0059931700794887445 -0.049811018757087058
leaf_weight=17.076313063502312 3.3056066557764998 13.644258324056862 51.985110223293304 12.137740425765516 3.4588016252964762 4.6936413198709479 7.6989477332681409 10.239281453192236 11.408553950488566 10.834892835468052 11.934880949556829 9.7396051809191686 4.4005579818040186 13.076979354023932 8.1370916254818457 5.5917695350944987 8.4017965085804445 6.4820638597011557 3.5378204826265591 8.0166924223303777 5.4923543892800799 2.8566741831600657 5.0498229674994946 8.5002160370349866 4.8527236357331276 127.51190867088735 24.725230220705271 14.481494650244711 1.7922154441475857 2.7603419758379459 3.738519085571169 2.0891267135739326 1.6494431924074868 7.0533394385129213
leaf_count=79 88 516 239 80 94 35 316 56 53 69 69 58 53 81 61 56 75 68 53 65 90 55 82 43 52 5447 1036 63 49 89 126 69 70 302
internal_value=-0.00126986 0.0369593 0.0429325 -0.0382533 -0.0176879 0.02972 0.00102247 0.0234255 0.0392346 0.0282255 0.012087 0.0313688 0.00313606 -0.00224981 0.0412687 -0.0133598 -0.0045156 -0.0202353 0.0118511 0.0254165 -0.00405246 0.0103911 0.0314009 0.0241852 -0.0405636 -0.0482131 -0.0474976 0.0696818 -0.0488087 -0.0281469 -0.0494155 -0.0330395 -0.0500546 -0.0387185
internal_weight=438.356 215.481 201.837 222.875 72.9741 135.37 44.7901 118.294 49.12 37.7115 69.174 21.6745 47.4995 42.8059 26.8766 29.7289 24.1371 15.7353 37.0911 20.1544 16.9367 11.4443 8.58764 16.6373 9.25328 149.901 28.184 66.4666 146.595 4.55256 142.042 5.82765 136.215 8.70278
internal_count=9837 1726 1210 8111 1871 908 741 829 282 229 547 127 420 385 160 304 248 173 425 145 280 190 135 104 105 6240 1130 302 6152 138 6014 195 5819 372
is_linear=0
shrinkage=0.05


Tree=22
num_leaves=33
num_cat=0
split_feature=16 15 14 35 9 15 15 30 32 45 16 41 38 50 40 33 6 49 6 15 34 41 38 18 16 42 32 35 41 38 38 6
split_gain=229.84 44.074 27.9922 15.7745 15.959 10.5879 8.99679 8.19012 9.71469 8.98027 6.78654 5.25732 4.74654 5.05438 5.98169 4.28427 4.25331 3.91139 3.53991 3.65632 3.92182 5.04568 3.45989 1.83844 1.24652 5.22747 0.435141 0.346904 1.50531 0.166722 1.97297 0.152372
threshold=3.1325000000000007 3.1150000000000007 144.51620478398732 2253.1850000000004 0.069047619047619066 0.97500000000000009 8.8550000000000022 1.5000000000000002 4.5000000000000009 10162.933656519308 1.2150000000000001 23.440000000000005 54.000000000000007 8.5000000000000018 32.285000000000004 1.0000000180025095e-35 12.500000000000002 6.5000000000000009 13.500000000000002 4.035000000000001 28.500000000000004 16.725000000000005 87.870000000000019 2.6162016332717188 3.5850000000000004 0.55000000000000016 4.5000000000000009 2006.2100000000003 15.045000000000002 116.04500000000002 116.70500000000003 1.5000000000000002
decision_type=2 2 2 2 2 2 2 2 2 2 2 2 2 2 2 2 2 2 2 2 2 2 2 2 2 2 2 2 2 2 2 2
left_child=1 2 10 24 6 -4 18 12 9 -9 -1 16 -7 17 -15 -16 -12 -14 19 -5 21 -21 -11 -23 25 -2 -6 29 -29 31 -31 -26
right_child=3 -3 5 4 26 7 -8 8 -10 22 11 -13 13 14 15 -17 -18 -19 -20 20 -22 23 -24 -25 27 -27 -28 28 -30 30 -32 -33
leaf_value=0.072063442178742609 -0.048879299637365869 -0.050661293366734562 0.070955092960562169 0.031000176832837758 -0.050905827406227233 -0.029438732922468791 -0.049864076116711842 0.053101690193029016 0.075209934507591156 -0.015819733465342514 0.0095722738747086346 0.068853181013094872 0.0091394686340201103 0.050327920881445921 0.030432872293214827 -0.023472458539193254 0.050056181791254421 -0.042257820350698166 0.050545757036173394 0.033538147712900812 -0.044989023426566625 0.0019816905853363323 0.02310900340408999 -0.042197916687036138 -0.030142183296673609 0.065332834960798392 -0.018080894943294748 0.0041693754660727354 -0.049059468760779705 0.009736614831999198 -0.049749419953816994 -0.050683558906202235
leaf_weight=54.931600749492645 4.173231301829218 13.961326254531739 10.379160284996031 8.9548697620630282 24.919848533347253 8.7881017439067346 7.341504529118537 13.091362982988356 10.46768683195114 12.861088452860715 12.911868803203108 14.667466023936866 8.5715437512844783 11.770280268043281 6.9780429601669294 7.558402556926012 13.850339010357855 6.2341637834906569 4.7150279544293872 7.9961947873234811 5.0419419016689053 4.2467843219637853 10.074254628270863 4.6510350909084082 2.6546822413802138 1.1861745323985813 1.7066980861127365 1.69149157591164 4.0397772472351789 1.5418184939771871 6.823961116373539 119.60222106426954
leaf_count=261 180 554 49 64 1051 91 316 84 45 92 71 70 85 94 61 61 59 61 51 83 77 65 71 73 72 48 71 52 145 65 300 5315
internal_value=-0.00125783 0.0348529 0.0407768 -0.038384 -0.0187297 0.0230354 3.13301e-05 0.0177557 0.0328442 0.0202221 0.0603393 0.0445378 0.00355958 0.0107889 0.0239731 0.00209365 0.0308185 -0.012305 0.01057 0.00416359 -0.00665591 0.00468763 0.00108858 -0.0207683 -0.0479779 -0.0219517 -0.0490644 -0.0489474 -0.0326903 -0.0495969 -0.03821 -0.0503034
internal_weight=428.384 217.097 203.135 211.287 69.5739 106.774 42.9474 96.3949 46.4944 36.0267 96.3613 41.4297 49.9005 41.1124 26.3067 14.5364 26.7622 14.8057 35.6059 30.8908 21.936 16.894 22.9353 8.89782 141.713 5.35941 26.6265 136.354 5.73127 130.623 8.36578 122.257
internal_count=9837 1809 1255 8028 1851 794 729 745 292 247 461 200 453 362 216 122 130 146 413 362 298 221 163 138 6177 228 1122 5949 197 5752 365 5387
is_linear=0
shrinkage=0.05


Tree=23
num_leaves=33
num_cat=0
split_feature=16 15 14 35 9 15 16 30 13 45 16 21 32 20 39 50 13 33 40 40 49 43 41 39 16 42 32 35 13 39 39 6
split_gain=213.108 40.4688 26.5845 15.6761 15.3584 10.1116 8.464 7.31462 9.00518 8.66379 6.96295 5.67694 5.62062 5.49015 4.33604 4.50116 5.84669 6.44312 5.04913 3.75686 3.27478 3.5303 3.466 2.55566 1.26855 4.78681 0.444381 0.365461 1.82713 0.182716 1.92657 0.165755
threshold=3.1325000000000007 3.1150000000000007 144.51620478398732 2253.1850000000004 0.069047619047619066 0.97500000000000009 8.8616666666666664 1.5000000000000002 2.7673329312615746 10162.933656519308 1.2150000000000001 2.5000000000000004 2.5000000000000004 -0.015393537342718129 59.400000000000006 8.5000000000000018 8.2543012502546311 1.0000000180025095e-35 32.285000000000004 31.165000000000003 6.5000000000000009 4057.9640000000009 24.050000000000001 85.430000000000021 3.5850000000000004 0.55000000000000016 4.5000000000000009 2006.2100000000003 3.442807539832176 127.65000000000002 128.37500000000003 1.5000000000000002
decision_type=2 2 2 2 2 2 2 2 2 2 2 2 2 2 2 2 2 2 2 2 2 2 2 2 2 2 2 2 2 2 2 2
left_child=1 2 10 24 6 -4 20 14 -9 -10 -1 13 -11 -12 -7 19 17 -17 -18 -16 22 -22 23 -5 25 -2 -6 29 -29 31 -31 -26
right_child=3 -3 5 4 26 7 -8 8 9 12 11 -13 -14 -15 15 16 18 -19 -20 -21 21 -23 -24 -25 27 -27 -28 28 -30 30 -32 -33
leaf_value=0.070477709979772804 -0.048711151109752056 -0.050558530259624236 0.069426380663003023 0.028753255566301934 -0.050821361411084287 -0.028589792736155296 -0.049740903067099836 -0.015257158931823989 0.072756420441258435 -0.003351771281142476 0.035489079523630097 0.011127553625596351 0.0443318379925626 0.080103529391244682 -0.046823596354663093 0.07611345295965373 0.029573095994640017 0.0089674458236837073 -0.034569760096989345 0.0058971010459210171 0.00094717962262852559 0.049514546151994611 -0.03644551421925455 -0.012362635498295813 -0.029490726475562303 0.058777225341141492 -0.017515199430329694 0.012800302690125729 -0.049100474958961984 0.0091969613116568861 -0.049621631724490099 -0.050600153356568561
leaf_weight=53.40026481449604 3.9833979774266473 13.306938175112007 10.086928382515906 7.9495544508099574 23.743062581866983 8.6043117269873601 7.0054985899478188 8.4291926063597185 13.946916732937096 10.948070105165245 18.15643891505897 11.074989909306167 13.531274966895579 12.087137470021846 4.9664589315652838 7.4104855470359343 5.8585264496505243 7.2322288621217012 6.1927843075245619 9.7129769772291166 7.1945813968777648 8.223239826038478 5.5598302148282519 6.8446092810481787 2.5817392542958251 1.2616255115717647 1.6777088604867447 1.4555769059807051 4.0996970310807228 1.5561626590788344 6.5077014844864607 113.95213320665061
leaf_count=261 180 554 49 90 1051 91 316 54 79 92 87 55 67 58 49 57 49 51 59 97 85 64 85 89 72 48 71 50 147 65 300 5315
internal_value=-0.00124319 0.0334601 0.039052 -0.0379041 -0.018199 0.0218579 0 0.0167847 0.0309685 0.0412517 0.0583646 0.0424565 0.0228757 0.0536897 0.00335191 0.0101682 0.0224331 0.0435741 -0.00298963 -0.0117976 0.00998981 0.0273254 -0.00296657 0.00943975 -0.0477717 -0.0213048 -0.0488964 -0.0487827 -0.0320577 -0.049462 -0.0376848 -0.050201
internal_weight=418.542 214.946 201.639 203.596 68.1981 106.92 42.7773 96.8332 46.8555 38.4263 94.7188 41.3186 24.4793 30.2436 49.9778 41.3735 26.694 14.6427 12.0513 14.6794 35.7718 15.4178 20.354 14.7942 135.398 5.24502 25.4208 130.153 5.55527 124.598 8.06386 116.534
internal_count=9837 1809 1255 8028 1851 794 729 745 292 238 461 200 159 145 453 362 216 108 108 146 413 149 264 179 6177 228 1122 5949 197 5752 365 5387
is_linear=0
shrinkage=0.05


Tree=24
num_leaves=37
num_cat=0
split_feature=16 15 7 35 9 15 15 32 31 41 29 43 16 20 10 6 35 15 29 41 31 14 33 38 38 10 16 41 16 32 35 13 41 38 38 6
split_gain=197.559 37.1839 26.4255 15.5752 14.7776 13.0248 7.9791 6.49981 6.36115 5.7738 4.94688 5.04612 7.17466 3.88038 3.00985 2.93866 3.31901 4.66533 3.52989 4.85146 2.75102 2.63173 2.45733 2.87257 1.98791 1.85061 1.28939 4.43917 0.892351 0.453381 0.38433 1.76754 0.364864 0.198958 1.88134 0.179135
threshold=3.1325000000000007 3.1150000000000007 1.5000000000000002 2253.1850000000004 0.069047619047619066 0.97500000000000009 8.8550000000000022 2.5000000000000004 3.5000000000000004 22.985000000000003 4.5000000000000009 1739.0310000000002 1.2150000000000001 -0.13623973658126684 1218.9700000000003 13.500000000000002 8882.0750000000025 4.035000000000001 22.500000000000004 16.725000000000005 1.5000000000000002 86.135697350057896 1.5000000000000002 106.12500000000001 58.650000000000013 6950.6800000000012 3.5850000000000004 14.635000000000002 1.6725000000000001 4.5000000000000009 2006.2100000000003 3.442807539832176 20.670000000000005 116.04500000000002 116.70500000000003 1.5000000000000002
decision_type=2 2 2 2 2 2 2 2 2 2 2 2 2 2 2 2 2 2 2 2 2 2 2 2 2 2 2 2 2 2 2 2 2 2 2 2
left_child=1 2 5 26 6 -1 15 10 9 20 -7 12 -12 -13 -14 16 17 -5 19 -19 -9 -16 23 24 -23 -21 27 -2 -4 -6 33 -32 -26 35 -35 -28
right_child=3 -3 28 4 29 7 -8 8 -10 -11 11 13 14 -15 21 -17 -18 18 -20 25 -22 22 -24 -25 32 -27 30 -29 -30 -31 31 -33 -34 34 -36 -37
leaf_value=0.06812462260718323 0.053599820086871891 -0.050457535197607331 0.06847050479601241 0.044958322428195863 -0.05073919049579953 0.049251925880076153 -0.049624190235171443 0.018498824791489087 0.066092996998110803 -0.0042451307922554433 0.037254219399142439 0.0029336613028175199 0.022167355937665417 0.046851029350691104 0.0039210247790388798 0.04509106159347024 -0.030758855225027228 0.042418157232646254 -0.042227707776489827 0.006802538398281344 0.051709610216361404 -0.0031194721973217335 -0.059127415056547353 0.014509203877131314 -0.055934306238670829 -0.040647222118463028 -0.028838679962225784 -0.048602358908691093 0.051317509330617989 -0.016959198808851821 0.01206147192020489 -0.048918019188966662 -0.029211327226223729 0.0086912710666009092 -0.049493594845913765 -0.050518481280254671
leaf_weight=15.645440503954886 1.3297353871166695 12.682846635580061 47.285230696201324 7.2661719694733682 22.620913710445169 7.0892965234816065 6.692629747092723 12.43075733445585 11.530434116721151 12.506937652826307 8.3501120284199697 10.055141650140285 4.7994107268750659 10.541443252936006 8.2956257034093159 4.906358314678072 5.5960969589650622 6.2545821182429808 4.1351883839815846 3.959216246381402 14.231376696377991 4.6396273076534333 5.1148661226034156 4.509085599333047 4.7218318581581098 3.8203638661652803 2.5121545270085326 3.8059922680258751 14.548332883045076 1.6500704027712334 1.4731617253273714 3.9142976403236389 3.8641126025468111 1.5698276925832022 6.2061831150203943 108.56562189757824
leaf_count=79 55 554 238 51 1051 57 316 78 53 83 47 60 48 59 44 51 62 62 68 63 81 57 53 43 59 56 72 173 66 71 50 147 50 65 300 5315
internal_value=-0.00122954 0.0321164 0.0373962 -0.0374129 -0.0176701 0.0251595 0 0.0195884 0.033328 0.0234117 0.00980867 0.00535345 -0.00406415 0.0257702 -0.0138781 0.00945324 0.00353126 0.0113622 -0.00197224 0.00975019 0.0365395 -0.0196458 -0.0283995 -0.0189751 -0.0307895 -0.0160845 -0.0475618 -0.020667 0.0646048 -0.0487268 -0.0486158 -0.0314165 -0.044958 -0.0493263 -0.0371511 -0.0500995
internal_weight=409.12 212.842 200.159 196.279 66.9016 138.325 42.6306 122.68 50.6995 39.1691 71.9806 64.8913 44.2947 20.5966 35.9446 35.938 31.0316 25.4355 18.1694 14.0342 26.6621 31.1451 22.8495 17.7347 13.2256 7.77958 129.377 5.13573 61.8336 24.271 124.241 5.38746 8.58594 118.854 7.77601 111.078
internal_count=9837 1809 1255 8028 1851 951 729 872 295 242 577 520 401 119 354 413 362 300 249 181 159 306 262 209 166 119 6177 228 304 1122 5949 197 109 5752 365 5387
is_linear=0
shrinkage=0.05


Tree=25
num_leaves=35
num_cat=0
split_feature=16 15 15 35 9 7 16 26 29 13 20 16 29 13 15 16 43 13 38 35 6 40 40 40 40 42 22 18 15 13 16 38 38 6
split_gain=183.273 38.5645 26.7689 13.21 13.0182 10.9926 8.48191 6.11496 7.77107 8.34183 7.92572 6.255 5.71072 5.03589 4.65181 4.65941 4.63827 4.30731 3.82812 3.49659 3.24575 3.00901 3.74346 3.18344 2.87975 2.7265 1.46564 1.45783 1.4012 0.728388 0.231164 0.215435 1.83715 0.192495
threshold=3.5850000000000004 3.6150000000000007 1.0850000000000002 2006.2100000000003 0.069047619047619066 1.5000000000000002 8.2612500000000022 4.5000000000000009 22.500000000000004 23.479038095005791 -0.13623973658126684 1.6725000000000001 6.5000000000000009 13.905259755937502 1.7750000000000001 2.5050000000000003 869.60500000000036 3.130534361151621 49.525000000000013 1923.2350000000001 5.5000000000000009 42.520000000000003 39.470000000000006 32.20000000000001 37.615000000000009 0.45000000000000007 1.0000000180025095e-35 3.5892464435496909 0.97500000000000009 37.799166095370374 4.291666666666667 116.04500000000002 116.70500000000003 1.5000000000000002
decision_type=2 2 2 2 2 2 2 2 2 2 2 2 2 2 2 2 2 2 2 2 2 2 2 2 2 2 2 2 2 2 2 2 2 2
left_child=1 2 28 31 6 7 18 8 9 10 12 -10 -4 24 -12 -16 -14 -17 -5 -18 -11 22 23 25 -13 -20 -7 -23 -1 -8 -6 33 -33 -2
right_child=3 -3 5 4 30 26 29 -9 11 20 14 13 16 -15 15 17 19 -19 21 -21 -22 27 -24 -25 -26 -27 -28 -29 -30 -31 -32 32 -34 -35
leaf_value=0.066704604054698122 -0.028186577691415138 -0.050469869910461457 0.043266003430187321 0.053612548001123743 -0.025782847217544071 0.070469447732560281 -0.050059641001702342 -0.026748651872830417 0.064412054398413451 -0.05010506997008668 0.0089760234316810083 -0.014040001713761747 -0.044419329825778293 0.048950055417021222 0.069984367497616551 0.064002576366137751 0.029496368589974117 -0.0059793422166750879 -0.0086651672180589803 -0.01482652190092586 0.0036233485773409808 -0.042846258249023828 0.054164700334842789 -0.028543735446152563 0.027501680952331676 0.045662138171475422 0.04201169307598026 0 0.044593426942843864 -0.001817801658914622 -0.050649373598354377 0.008216978200903868 -0.049365011500329223 -0.050438325711977733
leaf_weight=49.107142359018326 2.4457784704864016 14.072133494541047 5.9316132701933411 4.1521181203424957 2.2114574220031527 10.13032313808799 8.1111361570656282 7.2762972488999358 14.170936616137622 6.9267848227173072 11.765527572482823 8.8030207976698929 7.2401213720440891 11.071931054815648 11.627254251390697 3.427985640242694 7.2170904371887472 5.5038541369140148 4.1765269245952421 11.174646537750958 4.3899580501019955 4.1704667992889863 4.2684532757848492 5.4391168337315312 7.6506319567561141 4.6731308344751596 12.183852853253482 4.1214151065796614 11.28963330760598 1.1138485446572293 23.136931190267205 1.5828457232564677 5.9187504015862942 103.43096543103456
leaf_count=261 72 645 48 39 72 48 357 52 77 80 89 65 89 78 93 40 67 72 58 73 45 62 49 70 52 54 63 43 56 48 1140 65 300 5315
internal_value=-0.00121449 0.0292282 0.034695 -0.0388266 -0.020785 0.0230656 -0.00293887 0.0171731 0.0199702 0.0102556 0.0173174 0.0373056 -0.000360531 0.0229868 0.0346811 0.0490349 -0.0107796 0.0207369 0.00947678 0.00236126 -0.0289758 0.0022922 0.0136356 0.00088871 0.00502348 0.0196538 0.0554109 -0.0223586 0.0627347 -0.0448529 -0.0487863 -0.0491898 -0.0366091 -0.0499986
internal_weight=399.914 220.961 206.889 178.953 65.5746 146.492 40.2262 124.178 116.901 75.2048 63.8881 41.6965 31.5635 27.5256 32.3246 20.5591 25.6319 8.93184 31.0012 18.3917 11.3167 26.8491 18.5572 14.2888 16.4537 8.84966 22.3142 8.29188 60.3968 9.22498 25.3484 113.378 7.5016 105.877
internal_count=9837 2093 1448 7744 1992 1131 780 1020 968 696 571 272 277 195 294 205 229 112 375 140 125 336 231 182 117 112 111 105 317 405 1212 5752 365 5387
is_linear=0
shrinkage=0.05


Tree=26
num_leaves=34
num_cat=0
split_feature=16 15 15 35 9 49 16 29 29 43 20 6 40 10 6 43 45 6 38 40 38 38 19 26 15 13 16 49 10 16 38 38 6
split_gain=170.154 35.6052 25.8835 13.1977 12.5865 10.4771 7.96058 5.0633 6.4224 8.90032 4.55193 4.39395 4.61294 3.92639 6.33304 6.22903 5.56525 3.88798 4.65225 5.61141 3.60209 3.46615 3.56407 2.3313 1.57615 1.10229 0.843519 0.730339 0.338786 0.243197 0.232131 1.79392 0.205817
threshold=3.5850000000000004 1.0850000000000002 3.6150000000000007 2006.2100000000003 0.069047619047619066 8.5000000000000018 8.2612500000000022 24.500000000000004 36.500000000000007 908.61300000000006 -0.015393537342718129 15.500000000000002 33.245000000000012 5773.7750000000005 1.5000000000000002 4919.6360000000013 16642.817043181534 13.500000000000002 61.570000000000007 40.195000000000007 94.02500000000002 51.620000000000012 0.14014115589529602 2.5000000000000004 0.97500000000000009 8.2543012502546311 1.9150000000000003 1.5000000000000002 10869.770000000002 4.291666666666667 116.04500000000002 116.70500000000003 1.5000000000000002
decision_type=2 2 2 2 2 2 2 2 2 2 2 2 2 2 2 2 2 2 2 2 2 2 2 2 2 2 2 2 2 2 2 2 2
left_child=1 24 5 30 6 7 17 13 9 -9 11 12 -7 14 -3 16 -15 18 -5 20 -20 -16 23 25 -1 -23 -24 -8 -21 -6 32 -32 -2
right_child=3 2 -4 4 29 10 27 8 -10 -11 -12 -13 -14 15 21 -17 -18 -19 19 28 -22 22 26 -25 -26 -27 -28 -29 -30 -31 31 -33 -34
leaf_value=0.065608910849109442 -0.027534958424778846 0.046707673023025802 -0.050377166957150443 0.033934521501837005 -0.025134498848920123 0.039778776620668477 -0.0014496093218672929 0.0036707035650547721 -0.0069952804105831894 0.070015679892554056 0.066711733862933345 0.05776255166869948 -0.00060742273417792965 0.0084316565100592163 0.022323545972306288 -0.018377272795367397 0.065648956445843065 0.053420280055926243 -0.02305791123681308 -0.029796828299972201 0.033556943925732503 0 -0.053381044346363198 0.018015664474343857 0.042440215152453165 -0.034240983014388417 -0.025547846994803114 -0.049949274487972505 -0.057045706716549432 -0.05057459035720762 0.0077717605371838867 -0.049235593680598724 -0.050359478048712339
leaf_weight=47.47396644949913 2.3824683688580981 4.9695363454520693 13.410021279007195 7.8969463240355315 2.1590067725628641 14.341332755982878 1.1065204311162213 8.6238646619021946 8.5883677210658771 12.752061150968073 12.469011107459663 11.257080987095831 13.378286236897109 9.1805502437055164 5.6526845656335345 7.3029714934527865 8.2605151422321779 4.1504163760691872 4.5327119044959563 4.0138491634279481 6.8490000758320093 4.1139870882034355 6.0719071440398675 6.8591179382055989 11.274733446538447 5.4905766639858484 7.5040193386375904 7.7394801564514637 3.7237769216299057 22.040400287136436 1.5952472817152727 5.6447747983038425 98.536915142089128
leaf_count=261 72 40 645 95 72 82 50 65 54 80 69 58 90 90 66 45 65 46 58 59 75 43 54 68 56 68 94 355 42 1140 65 300 5315
internal_value=-0.00120037 0.0280325 0.0157628 -0.0383605 -0.0202257 0.0218682 -0.00284791 0.0119618 0.0289743 0.0436241 0.0400768 0.0312791 0.0201754 0.00405927 -0.00540106 0.0197658 0.036036 0.00892604 0.00173436 -0.0114126 0.0105704 -0.0129062 -0.0197535 -0.00372106 0.0613271 -0.0197853 -0.0386613 -0.0445255 -0.044109 -0.0486234 -0.0490519 -0.0360588 -0.0498979
internal_weight=391.346 218.975 160.226 172.372 64.2121 146.816 40.0127 95.3702 29.9643 21.3759 51.4457 38.9767 27.7196 65.4059 40.6618 24.744 17.4411 31.1667 27.0163 19.1193 11.3817 35.6923 30.0396 16.4637 58.7487 9.60456 13.5759 8.846 7.73763 24.1994 108.159 7.24002 100.919
internal_count=9837 2093 1776 7744 1992 1131 780 832 199 145 299 230 172 633 433 200 155 375 329 234 133 393 327 179 317 111 148 405 101 1212 5752 365 5387
is_linear=0
shrinkage=0.05


Tree=27
num_leaves=49
num_cat=0
split_feature=16 16 49 35 9 50 3 16 22 30 41 33 45 13 18 34 43 5 38 14 10 16 49 14 20 45 29 13 38 10 16 43 7 38 41 45 13 13 41 16 16 38 38 38 13 41 43 43
split_gain=158.128 35.7566 10.8912 7.77044 8.02443 6.16411 5.94138 5.6462 6.8038 6.53471 5.10263 6.55533 7.71222 4.95265 4.71399 7.21044 6.0554 4.29275 4.24845 4.09136 4.10499 3.84776 3.81342 3.70124 3.23149 3.69989 3.20087 2.97098 2.83852 2.77352 2.67063 2.53367 2.67226 2.48998 2.1342 1.4018 1.32253 1.25245 1.09853 1.09275 0.623936 0.268815 1.76098 0.205756 0.148212 0.0900199 0.0688572 0.519475
threshold=4.0150000000000006 0.9750000000000002 13.500000000000002 2006.2100000000003 0.069047619047619066 18763.000000000004 1.0000000180025095e-35 1.2150000000000001 1.0000000180025095e-35 1.5000000000000002 11.915000000000001 1.5000000000000002 12946.68304085417 6.0933404766782413 2.9745320786774165 5.5000000000000009 4919.6360000000013 1.5000000000000002 69.605000000000018 80.431900877748859 10636.050000000001 8.8616666666666664 6.5000000000000009 53.730192437621533 -0.13623973658126684 13657.820972591946 27.500000000000004 8.3366666117245387 59.565000000000005 4405.4150000000009 2.1750000000000003 1841.7455000000002 1.5000000000000002 94.795000000000002 20.730000000000004 6346.6205950477788 5.4084448756192138 9.7319205156423632 25.795000000000005 1.7350000000000001 4.3862500000000013 116.04500000000002 116.70500000000003 67.725000000000009 1.0000000180025095e-35 13.870000000000003 426.93750000000006 407.03250000000008
decision_type=2 2 2 2 2 2 2 2 2 2 2 2 2 2 2 2 2 2 2 2 2 2 2 2 2 2 2 2 2 2 2 2 2 2 2 2 2 2 2 2 2 2 2 2 2 2 2 2
left_child=1 -1 5 41 6 7 21 18 9 14 -11 13 -13 -12 15 -9 -16 30 -3 23 28 22 29 -19 25 43 31 -24 -21 -5 -17 32 35 -15 -27 -26 -4 -31 45 -7 -6 44 -43 -10 -2 -30 47 -46
right_child=3 2 36 4 40 39 -8 8 24 10 11 12 -14 33 16 17 -18 19 -20 20 -22 -23 27 -25 26 34 -28 -29 38 37 -32 -33 -34 -35 -36 -37 -38 -39 -40 -41 -42 42 -44 -45 46 -47 -48 -49
leaf_value=0.064598866018584084 -0.02987440999555532 0.0053394734661394222 0.066973906720411522 0.014192377798097691 -0.0090604577152548285 -0.0069284571870004601 0.058936374493812393 0.064592208716580987 -0.03871440349765997 0.079444567890132323 0.0079845365553244327 0.034570905459981226 -0.045847531434496901 0.036850742972619657 0.060950888697420574 0.045047268901853274 -0.0035527023807083325 -0.023787844180672993 0.051537390376040638 -0.0040615714672723796 0.021844675693133874 -0.049521757246207845 0.043947602526395707 0.041935991000838689 0 -0.035355017177133262 0.035156511530844363 -0.010910632480442307 -0.035312929223017611 -0.016162754166078291 -0.005263293435073463 0.028516378868126788 0.020412776843449221 0.079908319822861507 0.012386607478090365 -0.054698624507408367 0.037254932802766184 -0.052975706026818017 -0.017547448819159372 -0.046200081069407137 -0.05049602755885764 0.0082038878041550359 -0.049027028859639395 -0.069525432382652214 -0.047012800620919941 -0.057187489182816513 -0.050804028229463352 -0.00088724693599826713
leaf_weight=45.848218634724617 2.6671274714171878 7.786840587854388 8.5709992088377494 3.5443324409425321 1.3127286378294254 3.36530479416251 2.7968682795763007 3.5982053205370894 2.5019643232226363 4.8372122962027779 8.544690905138852 5.748099831864236 5.9448876455426216 8.7010562475770694 7.5103173498064262 5.157228868454693 6.6868430729955435 3.6492762267589551 15.216417681425808 5.7360740248113933 3.5041599702090016 6.5471043344587079 5.0728640649467689 4.7562316823750734 1.5240173563361183 3.8479712847620231 5.5425237752497187 4.4429309088736773 2.6601853799074879 5.1201729252934438 4.9428631011396646 2.8555195294320574 2.2060929741710424 6.6743892449885598 5.477417079731822 4.7384116221219301 9.8096434101462346 5.3382664509117603 3.3146141879260531 4.7915932890027761 20.822191398590803 1.5826582852751006 5.156077278777957 3.3865449465811253 2.4896920584142204 9.772135950624941 85.904046734794974 1.1013497877866028
leaf_count=261 92 51 60 65 47 34 50 43 41 41 85 53 64 89 55 51 54 85 99 95 44 336 61 78 31 57 61 58 45 76 71 34 52 57 67 120 75 87 44 93 1132 64 287 61 142 163 4863 63
internal_value=-0.00118621 0.0251185 0.0151895 -0.0403863 -0.0250594 0.0110659 -0.00914442 0.013298 0.00929869 0.0156462 0.0312438 0.0243527 -0.00593311 0.0393286 0.00523622 -0.00229497 0.0304077 -0.0080788 0.0362061 -0.0167935 -0.0269828 -0.0158178 -0.00605362 0.0128697 -0.0106623 -0.0273368 0.00415617 0.0179672 -0.0352432 -0.0227435 0.0201255 -0.0107541 -0.0247576 0.0562604 -0.00694882 -0.0415266 0.051671 -0.0357504 -0.0461888 -0.0308834 -0.0483153 -0.048825 -0.0349312 -0.0581342 -0.0497477 -0.053225 -0.0502501 -0.0346283
internal_weight=383.106 229.208 183.36 153.898 54.9975 164.979 32.8625 156.822 133.819 101.738 40.4503 35.6131 11.693 23.9201 61.2881 47.091 14.1972 43.4928 23.0033 33.3927 24.9872 30.0657 23.5186 8.40551 32.0805 15.2139 16.8666 9.51579 21.483 14.0028 10.1001 11.324 8.46852 15.3754 9.32539 6.26243 18.3806 10.4584 15.7469 8.1569 22.1349 98.901 6.73874 5.88851 92.1622 12.4323 89.4951 3.59104
internal_count=9837 2414 2153 7423 1912 2018 733 1891 1741 1217 389 348 117 231 828 719 109 676 150 554 391 683 347 163 524 226 298 119 347 228 122 237 203 146 124 151 135 163 252 127 1179 5511 351 102 5160 208 5068 205
is_linear=0
shrinkage=0.05


Tree=28
num_leaves=43
num_cat=0
split_feature=16 15 15 7 35 50 15 3 29 45 31 34 49 34 20 40 16 10 19 43 50 49 6 34 38 23 6 35 43 15 10 45 33 41 14 15 38 38 6 45 43 43
split_gain=147.107 36.5116 26.1514 12.2499 7.81673 5.94665 5.93066 5.53474 4.86415 5.94887 6.63094 4.57807 7.4393 6.55105 4.79483 4.69696 3.90809 3.85047 3.82206 3.78898 3.29471 3.23377 3.09192 3.56437 3.9299 3.02047 2.83959 2.83208 2.4283 2.15445 3.03871 2.03347 1.27146 2.75834 0.463674 0.422198 0.286112 1.71691 0.240578 0.233115 0.0778448 0.509879
threshold=4.0150000000000006 4.035000000000001 0.97500000000000009 1.5000000000000002 2006.2100000000003 18763.000000000004 8.8550000000000022 1.0000000180025095e-35 26.500000000000004 12681.358235934307 3.5000000000000004 9.5000000000000018 7.5000000000000009 12.500000000000002 -0.13623973658126684 30.240000000000006 2.5050000000000003 5285.3450000000003 0.13815253048880136 912.05250000000012 7.5000000000000009 8.5000000000000018 14.500000000000002 5.5000000000000009 61.570000000000007 0.13392857142857145 3.5000000000000004 5562.4100000000008 741.48500000000013 1.4950000000000003 5773.7750000000005 19564.034119561391 1.0000000180025095e-35 16.725000000000005 23.967320143362272 7.9650000000000007 116.04500000000002 116.70500000000003 1.5000000000000002 9202.6128930379182 426.93750000000006 407.03250000000008
decision_type=2 2 2 2 2 2 2 2 2 2 2 2 2 2 2 2 2 2 2 2 2 2 2 2 2 2 2 2 2 2 2 2 2 2 2 2 2 2 2 2 2 2
left_child=1 2 -1 5 36 8 7 22 11 19 -11 12 -4 -13 15 21 17 18 -16 -10 -18 -15 23 -6 25 31 -22 -24 -5 -17 -31 39 33 -26 -30 -34 38 -38 -2 -25 41 -40
right_child=4 -3 3 28 6 -7 -8 -9 9 10 -12 13 -14 14 16 29 20 -19 -20 -21 26 -23 27 24 32 -27 -28 -29 34 30 -32 -33 35 -35 -36 -37 37 -39 40 -41 -42 -43
leaf_value=0.063665713187925549 -0.025829331488709913 -0.050553114390505763 0.0070538537528310246 0.024993445888093973 0.038905217023310089 -0.028496162103201734 -0.050322855106748637 0.049804612266567377 0.028577175943788988 -0.010600284370075305 0.045582715025889696 -0.034926664650386637 0.081015841851654891 -0.0014222441772865362 0.046268172399778346 0.0084477558755980588 0.037537069812519114 0.058182900970582076 -0.0014099374518290178 0.078662229136979636 0.017078390913318874 0.045937362890502181 -0.021112064062772593 -0.018444564985306704 0.015467838805211884 0.045610789061798739 -0.042571682973677777 0.06482560682223118 0.047771464521281282 -0.056993658082298088 -0.0099725505388957251 0.014257125243592711 -0.053652443686617535 -0.049510871733888052 0.069573427507428134 -0.020628537094594404 0.0077595220186150006 -0.048891563429564182 -0.046829195628223637 -0.050821920252258707 -0.05075320132839653 -0.00084725657449263988
leaf_weight=44.23652671277523 2.2277247309684745 15.157163349911569 8.6820736341178399 6.8900832310318973 1.9337668512016559 7.4236930869519702 15.709262790158389 3.0313633177429429 7.8547022473067072 11.564620601013305 9.3240675088018161 8.4398536030203086 5.6962849739938965 7.3871926181018335 7.0510278996080222 6.0904910191893604 3.7226045764982683 10.212718166410921 9.7142248526215536 8.4220143444836122 3.1129811238497496 6.5822452679276466 1.6613850519061082 1.6844990160316244 2.7355612814426449 2.3762566260993481 4.873334052041173 1.8879776634275911 7.3131220955401686 5.2177412807941463 10.865498833358286 2.6367820315063 12.075527932494877 3.5413022246211767 11.494134262204168 1.8047859240323294 1.5950280185788859 4.918132308870554 2.3973753545433278 2.5785609055310488 82.142874537035823 1.1004078071564434
leaf_count=261 71 750 91 45 31 96 873 60 55 77 59 88 37 78 55 40 53 65 69 50 38 42 63 58 63 86 88 42 45 80 89 41 341 128 63 62 64 287 143 64 4883 63
internal_value=-0.00117177 0.0240703 0.0294461 0.0203698 -0.0399573 0.0145594 -0.0244591 -0.0135167 0.0169868 0.0324325 0.0143375 0.0110298 0.037058 0.0064364 0.0112087 -0.00176087 0.0234278 0.0338671 0.0185012 0.0551199 -0.000284639 0.0207056 -0.0192834 -0.0243722 -0.0288165 -0.00128852 -0.0187787 0.0237536 0.052156 -0.0161686 -0.0257941 -0.0185755 -0.0411688 -0.0206095 0.0616578 -0.0498944 -0.0486801 -0.0343545 -0.0496449 -0.0398903 -0.0501752 -0.0341786
internal_weight=375.367 227.328 212.171 167.935 148.039 142.237 53.657 37.9478 134.814 37.1654 20.8887 97.6483 14.3784 83.2699 74.8301 36.1432 38.6869 26.978 16.7653 16.2767 11.7089 13.9694 34.9164 31.367 29.4333 9.2761 7.98632 3.54936 25.6973 22.1737 16.0832 6.89984 20.1572 6.27686 18.8073 13.8803 94.3815 6.51316 87.8684 4.26306 85.6407 3.49778
internal_count=9837 2414 1664 1403 7423 1250 1912 1039 1154 241 136 913 128 785 697 329 368 189 124 105 179 120 979 874 843 249 126 105 153 209 169 163 594 191 108 403 5511 351 5160 122 5089 206
is_linear=0
shrinkage=0.05


Tree=29
num_leaves=35
num_cat=0
split_feature=16 15 15 7 35 9 32 43 6 16 16 45 28 23 41 13 25 29 41 45 40 18 16 45 45 15 21 40 19 40 16 6 43 43
split_gain=136.984 33.8715 25.0224 8.78727 7.87395 7.90319 6.10004 6.03721 7.28457 5.59259 5.08115 4.58136 4.32437 3.98488 3.50115 3.4703 4.0403 4.35942 2.88581 2.62515 2.57867 5.16676 2.41952 2.57512 2.21991 1.9171 1.81215 3.92864 2.12555 0.81044 0.79238 0.195243 0.047223 0.498293
threshold=4.0150000000000006 1.0850000000000002 4.035000000000001 1.5000000000000002 2006.2100000000003 0.069047619047619066 2.5000000000000004 1662.8340000000003 1.5000000000000002 8.8616666666666664 1.2150000000000001 9490.7831884948628 1.5000000000000002 0.16025641025641027 14.945000000000002 5.7895569408101855 1.0000000180025095e-35 26.500000000000004 22.475000000000005 6160.0915047430562 44.550000000000004 2.9745320786774165 5.8550000000000013 14355.965383277919 23482.028065519728 0.97500000000000009 1.5000000000000002 36.250000000000007 0.1362397365812669 25.430000000000003 4.291666666666667 1.5000000000000002 426.93750000000006 407.03250000000008
decision_type=2 2 2 2 2 2 2 2 2 2 2 2 2 2 2 2 2 2 2 2 2 2 2 2 2 2 2 2 2 2 2 2 2 2
left_child=1 25 3 6 31 9 7 8 -3 13 -10 19 -12 14 -6 -13 17 -17 -5 -8 21 -9 -16 -24 26 -1 27 -14 -28 -30 -7 -2 33 -33
right_child=4 2 -4 18 5 30 11 20 10 -11 12 15 24 -15 22 16 -18 -19 -20 -21 -22 -23 23 -25 -26 -27 28 -29 29 -31 -32 32 -34 -35
leaf_value=0.062801822113202163 -0.026068690781531779 0.056021260740661862 -0.05046296561222513 0.028815883509224052 0.023146400641274802 -0.0016910187276022667 0.024410816299443059 0.0039357798634523091 0.031216162581078444 -0.049401904167750671 0.031242257566637788 -0.0062864974526013169 -0.039962074573989557 0.051512600180419969 -0.042051698375885155 0.015692788174015065 -0.002101044095695588 0.067104838937442124 0.067136064521180414 0.065154021149490801 4.0620860150631413e-05 0.053073679570808566 -0.035116823856341559 0.020432016752185894 0.0032281503851730934 0.037491303670349765 -0.0085652309883162952 0.019612780399352603 -0.025026154135621925 -0.056937344871809292 -0.050386533019635998 -0.046611927692839762 -0.049540524059401521 -0.0008090462457673455
leaf_weight=42.644507214426994 2.2539722472429267 4.1115244515240184 14.443224657326935 11.024184260517361 7.053015600889931 1.1032034941017652 7.8409616984427002 10.116348298266532 5.5836119614541522 6.4176878184080115 3.6739031150937072 11.630795028060673 6.0407397244125622 3.4665179438889018 6.4594248309731475 9.266770884394651 8.153198963031171 7.9638272803276768 10.362960904836653 9.6229824237525445 10.29676929861307 11.88665799051523 3.3467257060110551 5.159956531599164 5.6406382508575907 11.139600159600375 4.5665500331670072 4.8309995774179697 3.5417685918509951 10.473030831664799 19.401838401332498 2.291272964328527 84.429822066798806 1.0995089598000047
leaf_count=261 74 34 750 68 83 39 52 62 37 360 39 88 83 49 84 88 51 49 63 58 73 64 80 77 65 58 63 81 39 188 1140 143 5231 63
internal_value=-0.00115428 0.0231339 0.0121999 0.0180386 -0.0395083 -0.0238393 0.0132566 0.00444958 -0.00663067 -0.00803356 -0.0126642 0.0261891 -0.0191769 0.0023406 -0.0053725 0.0159513 0.0263215 0.0399936 0.0478423 0.0473889 0.0211979 0.0308277 -0.0192088 -0.000995336 -0.024671 0.0577317 -0.0301761 -0.013096 -0.0397782 -0.0494615 -0.0480302 -0.0485331 -0.0490225 -0.0336407
internal_weight=367.339 224.856 171.071 156.628 142.483 52.4084 135.241 80.7625 48.4628 31.9033 44.3512 54.4785 38.7676 25.4856 22.0191 37.0146 25.3838 17.2306 21.3871 17.4639 32.2998 22.003 14.9661 8.50668 35.0937 53.7841 29.4531 10.8717 18.5813 14.0148 20.505 90.0746 87.8206 3.39078
internal_count=9837 2414 2095 1345 7423 1912 1214 828 629 733 595 386 558 373 324 276 188 137 131 110 199 126 241 157 519 319 454 164 290 227 1179 5511 5437 206
is_linear=0
shrinkage=0.05


Tree=30
num_leaves=38
num_cat=0
split_feature=16 15 15 49 35 9 32 16 50 14 43 10 43 45 16 45 10 18 29 45 41 41 24 41 29 45 15 10 50 16 29 14 38 38 6 43 43
split_gain=127.551 32.2093 23.2727 8.44203 7.91672 7.7098 5.72199 5.33455 5.14248 4.20159 5.12406 7.29072 4.55776 4.5386 4.01387 8.47082 3.6551 3.50016 3.61028 6.03019 5.25961 3.61561 3.2987 3.22189 3.66919 2.81015 2.0811 1.71417 1.23362 0.789533 0.558872 0.396574 0.333961 1.74528 0.267077 0.100085 0.486636
threshold=4.0150000000000006 1.0850000000000002 4.035000000000001 13.500000000000002 2006.2100000000003 0.069047619047619066 4.5000000000000009 8.8616666666666664 18763.000000000004 89.732832110254648 869.60500000000036 923.15500000000009 5082.7640000000019 10432.338346653056 2.2325000000000004 18269.896506168061 15277.430000000002 3.70821526649152 24.500000000000004 6784.4976772012515 18.710000000000004 25.410000000000004 1.5000000000000002 18.105000000000004 13.500000000000002 22658.526918389867 0.97500000000000009 3923.8200000000006 10.500000000000002 4.291666666666667 18.500000000000004 33.215602314901624 116.04500000000002 116.70500000000003 1.5000000000000002 426.93750000000006 407.03250000000008
decision_type=2 2 2 2 2 2 2 2 2 2 2 2 2 2 2 2 2 2 2 2 2 2 2 2 2 2 2 2 2 2 2 2 2 2 2 2 2
left_child=1 26 3 6 32 7 8 16 9 14 11 -11 17 -13 31 -16 23 18 19 -12 27 28 -15 24 -6 30 -1 -21 -22 -7 -25 -3 34 -34 -2 36 -36
right_child=4 2 -4 -5 5 29 -8 -9 -10 10 12 13 -14 22 15 -17 -18 -19 -20 20 21 -23 -24 25 -26 -27 -28 -29 -30 -31 -32 -33 33 -35 35 -37 -38
leaf_value=0.062000511497760397 -0.024518680959713261 0.031560057034632549 -0.050374041428859574 0.052672908885957118 0.040627109510574938 -0.0016158951705954898 0.041453424757499885 -0.049282569937412514 -0.03395096998160696 0.040801245443380381 -0.040902980764209632 0.0055563784235305386 -0.016489924228614682 0 -0.034973579468160945 0.047161173646138033 0.049540373452577523 0.050654698175450347 0.039642000092489312 0.062714889855857631 -0.0024012185591651236 0.027069074712995436 -0.057986860019404764 -0.052087939249597925 -0.014625215626978348 0.017552381446701869 0.03572070018244513 0.022840678951625591 -0.038652166194187015 -0.050316756732132942 -0.020034686097625931 0.049795427139479487 0.010054975861883711 -0.048614215450682105 -0.046389710489543087 -0.05065727761199075 -0.00077253143683575856
leaf_weight=41.076886758208275 2.1220211144536725 8.5618161559104973 13.762637155130504 15.113989586010574 5.8118135780096143 1.1014612261205936 16.002915082499385 6.1193422079086295 6.2730229357257477 4.9770792108029154 5.5441472521051756 7.1404562331736114 10.016496174037455 3.4872954087331882 6.2850782247260195 6.0471390765160322 3.4360562190413466 7.9201634749770156 10.638285243883727 5.0600120481103676 4.8491964600980264 5.947035743854939 9.7557933377102 4.7280220761895162 5.8618994615972042 2.6222252920269966 11.112822704017161 7.3143834751099348 5.1365467673167586 18.480686280876398 3.0467281565070152 10.495263164862989 1.532970156520604 4.4736415054649115 2.1901733996346588 74.548827232792974 1.0986513588577507
leaf_count=261 71 44 750 84 58 39 99 360 90 53 59 89 59 55 66 52 37 41 72 54 49 57 155 100 79 33 58 58 52 1140 66 57 64 287 143 4883 63
internal_value=-0.00113418 0.0222262 0.0116438 0.0171559 -0.0390533 -0.0232311 0.0132911 -0.00772505 0.00962864 0.011991 0.00628852 -0.0125269 0.0140201 -0.0259279 0.0277097 0.00495465 0.00220331 0.0199666 0.01429 0.00608213 0.0155721 -0.00315605 -0.0431928 -0.00513101 0.0125692 -0.0254115 0.0565794 0.0399185 -0.0217424 -0.0478536 -0.0405759 0.0420713 -0.0483822 -0.0329028 -0.04944 -0.050023 -0.0330989
internal_weight=359.693 222.518 170.329 156.566 137.175 51.2082 141.452 31.6261 125.449 119.176 87.7869 25.3606 62.4263 20.3835 31.3893 12.3322 25.5067 52.4098 44.4896 33.8513 28.3072 15.9328 13.2431 22.0707 11.6737 10.397 52.1897 12.3744 9.98574 19.5821 7.77475 19.0571 85.9663 6.00661 79.9597 77.8377 3.28882
internal_count=9837 2414 2095 1345 7423 1912 1261 733 1162 1072 853 352 501 299 219 118 373 442 401 329 270 158 210 336 137 199 319 112 101 1179 166 101 5511 351 5160 5089 206
is_linear=0
shrinkage=0.05


Tree=31
num_leaves=38
num_cat=0
split_feature=16 15 15 7 35 9 16 50 13 13 30 5 45 20 24 43 50 23 22 41 40 40 40 16 5 29 16 41 16 45 16 38 38 10 43 43 43
split_gain=118.798 30.7207 22.5856 10.6586 7.93345 7.50379 5.08467 4.82562 4.49448 5.81937 4.98504 5.99428 4.37577 3.82449 3.47138 3.53405 4.85132 3.43085 3.23909 3.00812 2.93868 4.82065 8.19199 2.85043 3.51139 2.63285 2.44484 2.28781 2.28636 2.30185 0.786563 0.351755 1.69573 0.215585 0.577499 0.187597 0.601931
threshold=4.0150000000000006 0.97500000000000009 4.035000000000001 1.5000000000000002 2006.2100000000003 0.069047619047619066 8.8616666666666664 18763.000000000004 55.640486469311348 27.510786909785882 1.0000000180025095e-35 4.5000000000000009 17528.297270245977 -0.13623973658126684 1.5000000000000002 883.54950000000019 9.5000000000000018 0.16025641025641027 1.0000000180025095e-35 14.945000000000002 28.010000000000002 31.975000000000005 39.140000000000008 1.8650000000000004 3.5000000000000004 19.500000000000004 2.2325000000000004 17.095000000000002 5.8550000000000013 14355.965383277919 4.291666666666667 116.04500000000002 116.70500000000003 633.88000000000011 518.06500000000017 426.93750000000006 407.03250000000008
decision_type=2 2 2 2 2 2 2 2 2 2 2 2 2 2 2 2 2 2 2 2 2 2 2 2 2 2 2 2 2 2 2 2 2 2 2 2 2
left_child=1 -1 3 7 31 6 17 8 9 10 14 12 18 -13 -3 -16 -17 19 20 -6 -12 -22 -23 -14 25 -25 -5 -11 -21 -30 -7 33 -33 34 -2 36 -35
right_child=4 2 -4 26 5 30 -8 -9 -10 27 11 13 23 -15 15 16 -18 -19 -20 28 21 22 -24 24 -26 -27 -28 -29 29 -31 -32 32 -34 35 -36 -37 -38
leaf_value=0.061255903056140919 -0.044774809379373906 0.028185270549301106 -0.050286128887568782 0.059717859925568086 0.020665374705090084 -0.0015440173827034674 -0.0491621189456466 -0.027205258107798103 0.056660098418001438 0.0075476598459002708 0.01904171545438663 -0.025934368835535383 0.032073021958057411 0.022894722110166077 -0.035627361914984466 -0.024499074084154637 0.030385087680068271 0.046758398213186163 0.012507694060630828 -0.041162885920651614 0.089399275550057278 -0.0088228712674099027 0.062749846433747133 0.0037157865142905971 0.029788827009995633 -0.049943873384963491 0.024672253240155907 -0.032313340655611561 -0.034200343852275286 0.018891246311096174 -0.05024794902513862 0.009495142677792813 -0.048472456266226906 -0.045460510009648972 0.0002371247301209736 -0.050630155992353709 0
leaf_weight=39.537606045603752 1.5465707052499049 7.8640058664605013 13.113909358158706 16.066478714346889 7.2273749131709435 1.0997987370938087 5.8350427001714698 7.1748544229194513 5.9860868193209162 5.5535423932597032 8.2945495732128602 9.1010630335658806 9.7178776096552628 6.9502256372943512 8.5264466013759392 7.5838045999407759 8.3021651217713934 3.5975455697625867 9.7801452782005054 6.2174752410501233 7.3145862761884954 5.698791857808831 12.300176148302851 4.4306009495630843 4.9778785575181237 4.2739015892148018 8.358281020075081 9.1609639972448331 3.1909504849463683 5.2524014003574848 17.60297497920692 1.5476927068084467 4.2678793584927917 1.8027748204767697 0.87923885602504004 71.10780709143728 0.90477387979626644
leaf_count=261 95 64 750 84 83 39 360 96 47 55 60 67 58 55 96 68 62 49 88 84 56 54 99 58 37 44 69 86 80 77 1140 64 287 123 54 4836 52
internal_value=-0.00112128 0.0213599 0.0125656 0.0175457 -0.0386043 -0.0226508 -0.00744566 0.0122655 0.0144059 0.0123771 0.0161847 0.0226738 0.0292691 -0.0044709 -0.000334053 -0.00980251 0.00388181 0.00206485 0.0387054 -0.00523284 0.046121 0.0546876 0.0398889 0.0114696 -0.00292771 -0.0223312 0.0480784 -0.0169821 -0.0183922 -0.000753581 -0.0476733 -0.0482296 -0.0323006 -0.0493353 -0.0271171 -0.0499601 -0.029405
internal_weight=352.148 220.068 180.53 167.416 132.08 50.0236 31.3208 142.992 135.817 129.831 115.116 82.8398 66.7885 16.0513 32.2764 24.4124 15.886 25.4857 43.3882 21.8882 33.6081 25.3136 17.999 23.4003 13.6824 8.7045 24.4248 14.7145 14.6608 8.44335 18.7028 82.0567 5.81557 76.2412 2.42581 73.8154 2.70755
internal_count=9837 2414 2153 1403 7423 1912 733 1250 1154 1107 966 676 554 122 290 226 130 373 357 324 269 209 153 197 139 102 153 141 241 157 1179 5511 351 5160 149 5011 175
is_linear=0
shrinkage=0.05


Tree=32
num_leaves=42
num_cat=0
split_feature=16 15 15 7 35 9 32 26 43 16 6 16 31 21 18 18 10 18 34 10 41 34 45 45 43 33 34 45 35 30 45 16 38 29 16 38 38 6 13 43 43
split_gain=110.595 29.5919 21.0078 10.0178 7.959 7.3073 5.22524 5.89996 4.97559 4.849 4.83203 6.23061 4.18904 3.87208 5.35908 5.13311 3.7886 3.2673 3.33424 3.23617 2.82084 3.17268 2.8748 2.69576 2.42347 1.96982 2.39937 1.73918 3.38629 1.51523 0.981854 0.783463 0.684711 0.521236 0.380329 0.369496 1.64747 0.307545 0.152848 0.123525 0.469967
threshold=4.0150000000000006 0.97500000000000009 4.035000000000001 1.5000000000000002 2006.2100000000003 0.069047619047619066 2.5000000000000004 4.5000000000000009 1662.8340000000003 8.8616666666666664 1.5000000000000002 1.2150000000000001 2.5000000000000004 1.5000000000000002 0.90651682149745028 0.57720465627254625 9493.4450000000015 1.3156549175369336 36.500000000000007 15277.430000000002 18.105000000000004 17.500000000000004 22927.787526411255 16642.817043181534 741.48500000000013 1.0000000180025095e-35 18.500000000000004 8275.3117647895851 4316.2050000000008 2.5000000000000004 14842.859824931251 4.291666666666667 56.320000000000007 18.500000000000004 1.9150000000000003 116.04500000000002 116.70500000000003 1.5000000000000002 5.4084448756192138 426.93750000000006 407.03250000000008
decision_type=2 2 2 2 2 2 2 2 2 2 2 2 2 2 2 2 2 2 2 2 2 2 2 2 2 2 2 2 2 2 2 2 2 2 2 2 2 2 2 2 2
left_child=1 -1 3 6 35 9 8 12 10 19 -3 -12 16 14 15 23 17 18 30 20 21 -6 33 -13 -5 26 -15 -10 -29 -14 -8 -7 -27 -22 -26 37 -37 -2 -34 40 -39
right_child=4 2 -4 24 5 31 7 -9 27 -11 11 13 29 25 -16 -17 -18 -19 -20 -21 22 -23 -24 -25 34 32 -28 28 -30 -31 -32 -33 38 -35 -36 36 -38 39 -40 -41 -42
leaf_value=0.060562806313579701 -0.022638735624534077 0.042561793691697769 -0.050199018268380108 0.019055182066276294 0.039215978145114377 -0.0014752538734153565 -0.017228904748655394 -0.017007983717886206 -0.00080871563552193304 -0.049040290142259045 0.026437026104291481 -0.038388740931290778 0.033076660078589039 -0.04364350734287354 -0.047123273993957659 0.058816796104606696 -0.01233610020928365 0.057371523498688307 0.043403809403963788 0.045800072851681778 -0.051696279575520143 -0.011921988907328646 0.019701867286576885 0.023383706786132843 0.066645348421008513 -0.01994493326518192 0.0044322114066853895 0.047486024030711158 0.0098520308595297264 0.064367050457296557 0.01289660006252495 -0.050179935410057143 -0.035404106962862177 -0.020237786250675058 0.046245700839862437 0.0089708225963422549 -0.048328059183588568 -0.04593340367824663 -0.058489327932961167 -0.050567747087021754 -0.00038714183575538582
leaf_weight=38.029913380742073 1.9851951133459795 4.5578927360475054 12.495610105805097 6.5222752597183016 5.4187920037657111 1.0982123818248535 5.1201326688751667 7.6307622957974663 8.1771318800747377 5.5641509946435681 8.9711907003074867 3.6344510456547123 9.3639594689011592 4.235423990525307 4.2928427867591372 4.5025589196011424 7.4429896874353281 6.7886914387345305 6.5915477015078059 3.5335606951266518 4.5043667014688236 6.447770731523633 2.5344546008855104 3.1726865861564875 8.2377273440361041 2.8371511800214639 6.0284372661262751 10.170017931610348 15.526169009506701 8.8733832798898202 5.4438047129660845 16.766726887784898 3.0947733661159855 3.0577039010822773 9.1900994405150396 1.5617184042930592 4.071851035580039 2.0036238115280862 6.8614544486626983 67.610552563332021 1.0896690487861631
leaf_count=261 71 35 750 45 53 39 50 63 49 360 52 67 63 75 55 56 48 44 38 37 101 84 31 42 44 52 72 63 91 42 50 1140 43 67 64 64 287 143 100 4883 63
internal_value=-0.00110221 0.0205179 0.0119895 0.0166923 -0.0381327 -0.0220529 0.0116252 0.0233336 0.00375989 -0.00715713 -0.00585168 -0.0106687 0.0296592 -0.0194542 0 0.0178685 0.0182348 0.0279574 0.015763 0.00194361 -0.00506128 0.0111446 -0.0245211 -0.00895209 0.0466313 -0.0324266 -0.0151537 0.0186893 0.025067 0.0488417 -0.00126041 -0.0474891 -0.0456715 -0.0400588 0.0564986 -0.0480725 -0.0316924 -0.0492281 -0.0522342 -0.049871 -0.0319692
internal_weight=345.041 217.793 179.763 167.268 127.248 48.9257 143.317 57.2553 86.0622 31.0608 52.1889 47.631 49.6245 38.6598 15.6025 11.3097 31.3872 23.9442 17.1555 25.4966 21.9631 11.8666 10.0965 6.80714 23.9501 23.0572 10.2639 33.8733 25.6962 18.2373 10.5639 17.8649 12.7934 7.56207 17.4278 78.3226 5.63357 72.689 9.95623 70.7038 3.09329
internal_count=9837 2414 2153 1403 7423 1912 1250 398 852 733 649 614 335 562 220 165 230 182 138 373 336 137 199 109 153 342 147 203 154 105 100 1179 195 168 108 5511 351 5160 143 5089 206
is_linear=0
shrinkage=0.05


Tree=33
num_leaves=43
num_cat=0
split_feature=16 15 15 7 36 9 3 32 40 34 6 34 15 18 21 6 13 16 26 13 29 38 15 15 16 16 45 6 18 33 10 15 19 16 38 38 38 15 13 6 43 43
split_gain=103.034 28.4774 19.5708 9.39763 7.96165 7.10126 4.7591 4.71695 5.55699 4.5046 7.4426 5.13095 4.0476 3.91829 3.83988 3.67393 3.05117 2.97182 2.83213 4.09204 2.81458 3.24238 2.79153 4.64194 2.43391 2.41227 1.84809 1.75226 1.69051 1.61343 3.62824 1.21512 1.17497 0.780227 0.690885 0.387324 1.6004 0.352924 0.636354 0.319741 0.134861 0.457803
threshold=4.0150000000000006 0.97500000000000009 4.035000000000001 1.5000000000000002 2006.2100000000003 0.069047619047619066 1.0000000180025095e-35 2.5000000000000004 45.625000000000007 9.5000000000000018 9.5000000000000018 12.500000000000002 1.3350000000000002 3.3765889018626951 1.5000000000000002 14.500000000000002 5.48734535353588 2.0450000000000004 3.5000000000000004 14.887157773848381 3.5000000000000004 61.570000000000007 1.9350000000000003 2.7150000000000003 2.8250000000000006 2.2325000000000004 19391.302300947504 8.5000000000000018 0.99995602176394949 1.0000000180025095e-35 8132.4600000000009 6.5750000000000011 0.14215154528548821 4.291666666666667 78.975000000000009 116.04500000000002 116.70500000000003 8.5950000000000006 20.729639067320605 1.5000000000000002 426.93750000000006 407.03250000000008
decision_type=2 2 2 2 2 2 2 2 2 2 2 2 2 2 2 2 2 2 2 2 2 2 2 2 2 2 2 2 2 2 2 2 2 2 2 2 2 2 2 2 2 2
left_child=1 -1 3 7 35 6 15 9 16 10 34 -11 -13 14 17 20 27 -14 -18 -20 -6 26 -16 28 -19 -5 31 -9 -24 30 -23 -22 -25 -7 -3 39 -37 -31 -39 -2 41 -41
right_child=4 2 -4 25 5 33 -8 8 -10 11 -12 12 13 -15 22 -17 18 24 19 -21 21 29 23 32 -26 -27 -28 -29 -30 37 -32 -33 -34 -35 -36 36 -38 38 -40 40 -42 -43
leaf_value=0.059916616186038218 -0.02201519484465779 0.014907179811434593 -0.050112504442833251 0.057170148661959297 0.035071087529349676 -0.0014094740231939166 0.052891987425470605 -0.0057395218959371188 -0.012630777682600042 -0.039076335964049712 0.072140033330606923 0.026833312547981405 0.044039205366738166 0.025169001717511449 -0.04543066553706554 0.038502236220087922 0.05688355978475567 -0.03555990130291567 0.051190712273217857 0.0048776152292945886 0.0036934575590082397 -0.050728769490111993 -0.010091853709461062 -0.054439344060888267 0.022620418748405074 0.021979014252498152 0.029934666741959139 0.027073882092180774 0.027392089719166623 -0.054587349289230883 0.033304534953726143 -0.046843344954959024 -0.01235448099706697 -0.050112541871844531 -0.01174620972203818 0.0084792903302258749 -0.048180760026764975 -0.044198875589290837 0.0060488470918639101 -0.045694809442164613 -0.050524994472863377 -0.00036954368901374949
leaf_weight=36.556449383497238 1.943264728412031 4.4510475751012546 11.906366701237856 15.283457159996034 1.9903728608042097 1.0966986697167183 2.8782934397459021 7.8431541342288238 9.3500578263774496 8.0554590979590994 5.8074848316609851 13.863018492236732 4.6143305469304305 9.3227561302483064 8.1202648561447877 2.891933354549109 12.462270820513366 3.5848103202879429 8.6241723448038119 11.167989501729606 2.3190095182508257 2.7505645388737312 5.3846917795017379 4.959198944270609 3.3354862779378891 8.2135666012763959 3.2496426133438945 7.8794778753072023 6.2583462093025446 8.3082839976996166 2.1856173705309629 2.0132195856422186 3.1027380870655179 15.970046424306927 5.0910179037600756 1.5750799011439074 3.8851086376234889 1.4154295185580843 0.77649786509573449 1.9161184392869466 64.366281216032803 1.0892621055245397
leaf_count=261 71 48 750 84 26 39 50 59 70 90 37 80 42 51 72 65 83 35 64 77 35 81 62 131 66 69 51 45 41 130 61 95 45 1140 52 64 287 94 45 143 4883 63
internal_value=-0.00108729 0.0197362 0.0114588 0.0159118 -0.0376661 -0.0214805 -0.00689463 0.0110414 0.0221538 0.0035544 0.0280289 -0.00172806 0.00305703 -0.00365222 -0.010652 -0.0134078 0.029049 0.0132618 0.0378973 0.0254652 -0.0197391 -0.024826 -0.0207562 -0.0101575 -0.00688281 0.045226 0.00132971 0.0104563 0.00969235 -0.0379206 -0.0126056 -0.0191903 -0.0392049 -0.0473006 0.000193786 -0.0479132 -0.0310785 -0.0491183 -0.0247296 -0.0491207 -0.0497946 -0.0314183
internal_weight=337.858 215.238 178.681 166.775 122.621 47.8456 30.7789 143.278 57.3271 85.9507 15.3496 70.6011 62.5456 48.6826 39.3599 27.9006 47.9771 11.5346 32.2544 19.7922 25.0086 23.0183 27.8252 19.705 6.9203 23.497 7.58187 15.7226 11.643 15.4364 4.93618 4.33223 8.06194 17.0667 9.54207 74.7751 5.46019 10.5002 2.19193 69.3149 67.3717 3.00538
internal_count=9837 2414 2153 1403 7423 1912 733 1250 398 852 137 715 625 545 494 683 328 143 224 141 618 592 351 279 101 153 181 104 103 411 142 130 176 1179 100 5511 351 269 139 5160 5089 206
is_linear=0
shrinkage=0.05


Tree=34
num_leaves=47
num_cat=0
split_feature=16 16 49 35 9 16 32 26 32 35 13 35 34 6 16 18 38 29 38 35 33 29 49 30 28 29 13 17 13 45 9 13 45 40 23 45 31 13 13 38 16 38 38 6 43 43
split_gain=95.9347 27.4198 8.45899 7.97079 6.90673 4.62468 4.38481 6.04626 6.04426 5.1414 4.54023 4.50108 7.32474 3.69339 3.61958 3.19392 3.12022 2.99254 3.95725 2.97518 3.21416 5.00355 3.89578 4.68352 3.53362 3.52081 5.30317 3.47924 3.43763 3.12758 2.84807 2.83762 2.14983 1.86049 1.82377 1.79163 1.82369 1.36938 0.957452 0.777151 0.77685 0.405121 1.55443 0.331722 0.146228 0.445631
threshold=4.0150000000000006 0.9750000000000002 13.500000000000002 2006.2100000000003 0.069047619047619066 8.8616666666666664 5.5000000000000009 4.5000000000000009 3.5000000000000004 458.13000000000005 64.691251700931716 1006.4150000000001 6.5000000000000009 13.500000000000002 2.1750000000000003 0.90651682149745028 61.570000000000007 19.500000000000004 94.02500000000002 9677.590000000002 2.5000000000000004 26.500000000000004 8.5000000000000018 1.0000000180025095e-35 7.5000000000000009 18.500000000000004 8.2543012502546311 0.42300000000000004 11.504010271180556 16642.817043181534 0.13961038961038963 4.64771932894676 14566.117568042779 38.735000000000007 0.16025641025641027 8557.4652989243077 1.5000000000000002 5.4084448756192138 6.9155969825405093 79.915000000000006 4.291666666666667 116.04500000000002 116.70500000000003 1.5000000000000002 426.93750000000006 407.03250000000008
decision_type=2 2 2 2 2 2 2 2 2 2 2 2 2 2 2 2 2 2 2 2 2 2 2 2 2 2 2 2 2 2 2 2 2 2 2 2 2 2 2 2 2 2 2 2 2 2
left_child=1 -1 6 41 5 13 7 8 9 -3 11 12 -11 16 30 -10 -5 18 -18 20 21 22 23 29 -23 26 33 32 -27 38 35 -24 -28 -25 -16 -14 -37 -4 -13 -33 -6 43 -43 -2 45 -45
right_child=3 2 37 4 40 -7 -8 -9 15 10 -12 19 14 -15 34 -17 17 -19 -20 -21 -22 24 31 25 -26 28 27 -29 -30 -31 -32 39 -34 -35 -36 36 -38 -39 -40 -41 -42 42 -44 44 -46 -47
leaf_value=0.059313234643150997 -0.021397766484254357 0.048858366698518285 0.060980641285760341 0.020852244130726921 -0.0013465553377950516 -0.048890385022205385 0.042289909613972262 -0.041612853410768896 0.0090853054624024376 0.057288894209361965 0.051212181886353098 -0.020736271510755869 0.0032547602596366188 0.049883424451475422 -0.057762008430650706 0.053121753363848181 -0.034703663127368327 -0.053205187204845551 0.026857278862455643 -0.031185994784862309 -0.023133739376515049 0.069537933710332206 0.001137722918824509 0.022914931466880326 0.011407666745551695 -0.049902221625177628 -0.055196783053536591 0.028763695575753163 0.011555885955947519 0.0017428903849292764 0.023286805711896147 0.024708052455242845 0 0.06848063152141784 -0.008678601481841899 -0.0096264122827711216 -0.054658630068403637 0.029849781145996492 -0.058464828955322415 0.057069165582140882 -0.050045599684092716 0.0080180992658696864 -0.048030287676598428 -0.045450223929034361 -0.050483635345193935 -0.00035273631176393041
leaf_weight=35.119319170713425 1.9032876137644041 5.91184970550239 7.6966428076848414 7.3149766586721041 1.0952542461454893 5.2484251707792273 8.4613452171906811 6.4209845606237641 7.4730880856514004 2.9647077303379765 4.3167670881375662 3.4615648910403234 4.7267664037644925 3.4106716532260171 8.3911633929237706 10.16677615791559 5.0842463728040439 4.3348490186035624 5.1213429160416126 4.9974195025861254 7.2991789532825342 5.6827863352373225 6.9954716200009015 5.0645596608519607 5.291920212097466 4.1425285814329964 3.1956963324919325 4.8694741036742926 4.6340516023337841 6.0281564826145759 4.6651651486754409 4.3071941882371885 3.5310404961928725 4.9908654093742371 2.8121955003589383 4.7618796965107304 4.8942640097811818 8.9863925473764521 5.1597223710268736 5.3901807852089405 15.211119865067301 1.5878085922449816 3.7072243262082338 1.8327568741515272 61.276080761104822 1.0888738688081501
leaf_count=261 71 92 60 98 39 360 65 88 73 38 38 39 43 45 233 75 81 77 72 42 84 58 73 66 47 60 67 30 58 67 62 53 68 52 82 60 68 75 83 54 1140 64 287 143 4883 63
internal_value=-0.00107054 0.0189737 0.0109439 -0.0371814 -0.0208914 -0.00661064 0.0073805 0.00538499 0.00751138 0.00368755 0.00143012 -0.000386557 -0.0160065 0.00213297 -0.0235194 0.034904 -0.00528432 -0.0188272 -0.00336529 0.00566727 0.00806656 0.0112933 0.00564126 -0.00190931 0.0423155 0.00915296 0.0200642 -0.0026113 -0.0171243 -0.0251319 -0.00982379 0.0262187 -0.0261447 0.0464748 -0.0460695 -0.0209952 -0.03329 0.0447876 -0.0443011 0.0436049 -0.0471075 -0.0477501 -0.0304593 -0.0490116 -0.049718 -0.0308653
internal_weight=331.028 212.811 177.692 118.217 46.8209 30.5145 161.009 152.547 146.126 128.487 122.575 118.258 33.2161 25.2661 30.2514 17.6399 21.8554 14.5404 10.2056 85.0418 80.0444 72.7452 61.7705 45.0777 10.9747 30.4282 21.6516 11.5962 8.77658 14.6494 19.0481 16.6928 6.72674 10.0554 11.2034 14.3829 9.65614 16.683 8.62129 9.69737 16.3064 71.396 5.29503 66.101 64.1977 2.92163
internal_count=9837 2414 2153 7423 1912 733 2018 1953 1865 1717 1625 1587 586 373 548 148 328 230 153 1001 959 875 770 590 105 401 283 165 118 189 233 180 135 118 315 171 128 135 122 107 1179 5511 351 5160 5089 206
is_linear=0
shrinkage=0.05


Tree=35
num_leaves=37
num_cat=0
split_feature=16 15 15 7 35 9 15 6 10 18 29 13 45 10 16 35 13 29 40 6 38 40 41 33 43 34 16 16 16 38 6 38 6 43 35 30
split_gain=89.3079 26.428 17.9763 8.59074 7.96112 6.70312 4.44185 4.21753 5.16872 4.90468 5.60334 7.5804 5.14116 4.7052 4.83398 4.08558 4.04145 4.15465 3.7934 3.26894 2.82897 2.96597 2.50489 2.43066 2.39319 2.29996 1.84716 0.773325 0.647685 0.422849 1.55789 1.86012 0.343469 0.15761 0.825073 0.00460648
threshold=4.0150000000000006 0.97500000000000009 4.035000000000001 1.5000000000000002 2006.2100000000003 0.069047619047619066 8.8550000000000022 13.500000000000002 12082.930000000002 2.7390498788814397 22.500000000000004 17.761277111487271 23150.315542826254 1381.6050000000002 1.2150000000000001 1019.7900000000001 18.93343686547454 32.500000000000007 43.250000000000007 13.500000000000002 61.570000000000007 41.060000000000009 19.165000000000003 1.0000000180025095e-35 741.48500000000013 34.500000000000007 2.0450000000000004 4.291666666666667 1.9650000000000003 116.04500000000002 6.5000000000000009 117.71000000000002 1.5000000000000002 426.93750000000006 405.72500000000008 1.0000000180025095e-35
decision_type=2 2 2 2 2 2 2 2 2 2 2 2 2 2 2 2 2 2 2 2 2 2 2 2 2 2 2 2 2 2 2 2 2 2 2 2
left_child=1 -1 3 7 29 6 19 8 9 10 11 12 13 -3 -15 35 17 25 22 20 -6 23 -17 -22 -5 -12 -13 -7 -26 32 31 -31 -2 34 -34 -16
right_child=4 2 -4 24 5 27 -8 -9 -10 -11 16 26 -14 14 15 18 -18 -19 -20 -21 21 -23 -24 -25 28 -27 -28 -29 -30 30 -32 -33 33 -35 -36 -37
leaf_value=0.05874899722658701 -0.020786984845194218 0.047461569304471207 -0.050038957896988458 0.015474410952278609 0.019533161730826778 -0.0012863839361453395 -0.048811992532672821 0.033771157681617335 -0.022369955539817424 0.034115351716260858 0.010733391446696536 -0.017857319212380707 0.045439972793010486 0.032034016465650787 -0.034596656453847872 0.0012708910982028813 0.043041461647265772 0.032347038275967709 0.029257267557871971 0.046284665677532734 0.025797397263618765 -0.052783307743171685 -0.039531290902275355 -0.023526529543733219 0.064401809027281029 -0.031993054931653976 -0.055224271467397251 -0.049978943363003042 0.040200029495319763 0.061482971609827346 -0.048097796091821993 -0.03950215829522298 -0.04613411910267548 -0.050443554472766286 0.0091211160388971757 -0.054950737320445843
leaf_weight=33.72016154229641 1.8651733864098776 4.3582891356199971 11.360968669876454 6.270607408136132 7.4224022533744671 1.0938759557902802 5.0309687778353682 16.56438017077744 13.312271098606287 18.225059735588729 5.846357070840897 8.209011033177374 7.0453968094661823 6.2162739764899007 2.7015350181609419 7.4682899210602063 13.459576636552809 9.6584021598100644 5.7426785370334974 3.5079747308045617 4.1335688307881338 4.2408909965306512 7.0298454165458679 5.9226484671235085 8.5096395164728182 6.3526342315599322 6.3769642496481529 14.488209301605819 7.9136484880000344 0.79008126165717729 3.5475832894444466 0.80005762167274952 2.1064039738848801 58.332837999798357 0.7354456353932618 4.4711982468143106
leaf_count=261 71 35 750 45 98 39 356 94 97 99 56 70 60 34 56 78 99 62 61 50 60 76 81 93 49 57 126 1140 59 48 241 62 159 4883 47 85
internal_value=-0.00105031 0.0182129 0.0104374 0.0146409 -0.0366954 -0.0203255 -0.00636153 0.0100443 0.00687306 0.010374 0.00573269 -0.00354742 0.00651872 -0.000668822 -0.00717678 -0.016334 0.0215056 0.00788074 -0.00448815 0.002066 -0.00502611 -0.0181706 -0.018306 -0.00270543 0.0432224 -0.0111891 -0.0347993 -0.0469095 0.0533565 -0.047583 -0.0298355 0.00838429 -0.0489007 -0.0496409 -0.030311 -0.0485532
internal_weight=324.831 210.813 177.093 165.732 114.018 45.8405 30.2585 143.038 126.474 113.162 94.9365 59.6195 45.0335 37.9881 33.6298 27.4135 35.317 21.8574 20.2408 25.2275 21.7195 14.2971 14.4981 10.0562 22.6939 12.199 14.586 15.5821 16.4233 68.1776 5.13772 1.59014 63.0399 61.1747 2.84185 7.17273
internal_count=9837 2414 2153 1403 7423 1912 733 1250 1156 1059 960 686 490 430 395 361 274 175 220 377 327 229 159 153 153 113 196 1179 108 5511 351 110 5160 5089 206 141
is_linear=0
shrinkage=0.05


Tree=36
num_leaves=37
num_cat=0
split_feature=16 15 15 7 35 9 15 31 35 18 50 50 17 26 13 33 38 15 35 35 10 41 45 31 33 41 34 45 43 16 34 38 38 6 43 35
split_gain=83.1592 25.435 16.7811 8.05382 7.94828 6.50321 4.2314 3.98852 5.75161 6.22028 4.50087 4.43935 4.25433 3.70006 3.92499 4.68196 6.49991 3.83024 3.41518 4.94463 3.00518 2.64164 3.04804 2.54396 2.49666 2.39405 2.23961 1.62644 1.31761 0.769647 0.540737 0.439973 1.53012 0.354944 0.170979 0.80088
threshold=4.0150000000000006 0.97500000000000009 4.035000000000001 1.5000000000000002 2006.2100000000003 0.069047619047619066 8.8550000000000022 3.5000000000000004 9059.9150000000027 2.9745320786774165 18763.000000000004 5.5000000000000009 0.52700000000000014 1.5000000000000002 16.006745660717595 1.0000000180025095e-35 71.66500000000002 2.2650000000000001 1019.7900000000001 1440.4050000000004 15549.265000000001 18.105000000000004 23225.585606159311 1.5000000000000002 1.5000000000000002 22.475000000000005 25.500000000000004 16642.817043181534 1384.3095000000001 4.291666666666667 24.500000000000004 116.04500000000002 116.70500000000003 1.5000000000000002 426.93750000000006 405.72500000000008
decision_type=2 2 2 2 2 2 2 2 2 2 2 2 2 2 2 2 2 2 2 2 2 2 2 2 2 2 2 2 2 2 2 2 2 2 2 2
left_child=1 -1 3 7 31 6 20 8 9 10 11 -3 13 18 15 27 -17 -16 -13 -20 21 23 30 -6 -9 -5 -18 -15 -14 -7 -23 33 -33 -2 35 -35
right_child=4 2 -4 25 5 29 -8 24 -10 -11 -12 12 28 14 17 16 26 -19 19 -21 -22 22 -24 -25 -26 -27 -28 -29 -30 -31 -32 32 -34 34 -36 -37
leaf_value=0.058220624075646134 -0.020183367515003346 -0.029742210285282684 -0.049952640034216594 0.025835006314197047 0.030317868637382301 -0.0012288428367081808 -0.048682589728686804 0.043397162938505901 -0.038866003575552886 0.036252823383133383 -0.037351557864995923 -0.035864264463443714 0.0010199300346052393 0.036770730820114166 0.023731477537855011 -0.025465032857008969 0.054481883159577554 -0.028264915331357904 0.048283222427082495 -0.018746263587503254 0.044315717851042297 -0.051740760098739291 0.02299174360613862 -0.015953641840343584 0.0087714883895332104 0.060189755183865226 0.01578404182272463 0.074016144492813449 -0.027512064793453514 -0.049912409691692035 -0.019700601271426747 0.0087549987022102344 -0.047771206307362563 -0.045904519712861913 -0.050404648086958784 0.0086503865506917972
leaf_weight=32.360203750431538 1.8288359344005574 7.5940964641049495 10.825263148173688 12.095633072778584 6.9335405733436435 1.0925607755780209 4.7982678711414328 12.813215740025045 6.6425344478338948 17.159254044294357 6.1508841132745138 5.7774291625246432 7.3905300023034206 8.2998449672013503 7.4781193733215314 6.5239444430917528 6.9977280870080021 6.5445214472711086 4.8902896512299758 5.9212455153465271 3.5128743387758723 4.4481707811355573 2.4040302019566298 4.9075428042560816 9.5266446396708471 10.160298326984046 9.2206494780257326 5.9329179618507615 8.0400969628244621 13.79965277854353 3.0184496082365513 1.5674967747181643 3.4269063994288445 2.0139329973608251 55.529738230630755 0.74196346756070841
leaf_count=261 71 94 750 83 70 39 356 97 42 87 85 80 59 79 53 74 66 98 49 53 36 103 28 69 68 70 67 49 50 1140 71 64 287 159 4883 47
internal_value=-0.00103477 0.0175175 0.00997582 0.0139619 -0.0361955 -0.0197583 -0.00611459 0.0095431 0.00588297 0.00856784 0.00357437 0.00644574 0.00984803 0.0152889 0.0219691 0.0304932 0.0159851 -0.000210079 -0.00495646 0.011279 0.00194559 -0.00485224 -0.0239893 0.0107489 0.028959 0.0419414 0.0330189 0.0530534 -0.0136061 -0.0467063 -0.0398806 -0.0474103 -0.0292253 -0.048787 -0.0495628 -0.0296775
internal_weight=318.369 208.345 175.985 165.16 110.024 44.9151 30.0229 142.904 120.564 113.922 96.7623 90.6114 83.0173 67.5867 50.9977 36.9751 22.7423 14.0226 16.589 10.8115 25.2246 21.7117 9.87065 11.8411 22.3399 22.2559 16.2184 14.2328 15.4306 14.8922 7.46662 65.1089 4.9944 60.1145 58.2856 2.7559
internal_count=9837 2414 2153 1403 7423 1912 733 1250 1085 1043 956 871 777 668 486 335 207 151 182 102 377 341 202 139 165 153 133 128 109 1179 174 5511 351 5160 5089 206
is_linear=0
shrinkage=0.05


Tree=37
num_leaves=40
num_cat=0
split_feature=16 15 15 35 7 9 3 32 40 41 43 35 34 43 18 40 29 43 41 16 29 43 49 19 26 43 41 13 49 16 34 10 16 38 6 38 6 43 35
split_gain=77.4067 24.5015 15.6653 7.9117 7.5372 6.29678 4.1726 4.08685 4.85425 4.1622 3.93918 4.03926 4.29677 3.71817 3.60704 2.87107 2.98281 2.85631 2.82128 2.48345 2.2689 2.48955 4.25291 2.21662 2.10956 2.11317 1.68797 1.53739 1.31646 1.93471 2.37891 1.1499 0.765811 0.45744 1.55082 2.16455 0.366149 0.184413 0.777198
threshold=4.0150000000000006 0.97500000000000009 4.035000000000001 2006.2100000000003 1.5000000000000002 0.069047619047619066 1.0000000180025095e-35 2.5000000000000004 45.625000000000007 23.160000000000004 1662.8340000000003 548.95000000000016 6.5000000000000009 869.60500000000036 1.0638554327658425 32.20000000000001 12.500000000000002 1662.8340000000003 17.275000000000002 2.2325000000000004 3.5000000000000004 4057.9640000000009 6.5000000000000009 0.1362397365812669 3.5000000000000004 959.35250000000019 23.590000000000003 4.3214319460127326 4.5000000000000009 6.3573333333333339 24.500000000000004 4146.8150000000014 4.291666666666667 116.04500000000002 6.5000000000000009 117.50500000000001 1.5000000000000002 426.93750000000006 405.72500000000008
decision_type=2 2 2 2 2 2 2 2 2 2 2 2 2 2 2 2 2 2 2 2 2 2 2 2 2 2 2 2 2 2 2 2 2 2 2 2 2 2 2
left_child=1 -1 4 33 7 6 17 10 9 24 11 -3 -13 23 18 -12 -17 -5 -15 -6 -19 28 27 -14 -9 -26 -25 -23 29 -22 -31 -20 -7 36 35 -35 -2 38 -38
right_child=3 2 -4 5 19 32 -8 8 -10 -11 15 12 13 14 -16 16 -18 20 31 -21 21 22 -24 26 25 -27 -28 -29 -30 30 -32 -33 -34 34 -36 -37 37 -39 -40
leaf_value=0.0577251616652859 -0.019587410046372083 0.036377970517900808 -0.049866338689423681 0.044282166426493068 0.053415328059583725 -0.0011738189353898379 0.049433028571551539 0.052093842813974757 -0.013171854348337373 0.0029269888697889429 0.038078955557333552 0.038513530242188017 -0.0011698915038131721 0.033400891872462375 -0.028515820783534724 0.023007229000376543 -0.01154085397673723 0.031384999915671653 -0.026121694560420107 0.016907880389859659 -0.050242459256289146 0.0051333151168907673 0.026833027743050842 -0.057523981005918962 0.041999962276620798 0.0094433424327758191 -0.018939503407217669 -0.051322484201899811 -0.053653090889726862 -0.025569537438589737 0.059080251814867507 0.0096533245531200788 -0.04984583167412935 0.070404078612405954 -0.047847908315605238 -0.039835865412718566 -0.045669048124983562 -0.050366818508395778 0.0082068829455235366
leaf_weight=31.040317207574844 1.7941929250955571 4.7953687589615575 10.314852868206797 1.9235279792919815 13.986255729570987 1.0913057848811138 2.9306865436956278 12.549226104281841 9.3098357217386347 14.376334356144069 9.7711730450391752 3.8292028820142141 4.3993145488202599 7.4100844766944673 8.9443645132705552 12.477178046479823 12.132696902379392 2.0478833802044418 4.381822379305957 7.8564573619514695 2.565478505566718 1.4789419649168829 5.4220094829797745 8.268732722848652 9.8707469487562793 11.115263769403098 5.2035029651597133 3.9272082280367613 6.2047452079132199 2.0246549062430863 1.2392715550959108 4.1667307298630476 13.143860360607503 0.7239782204851497 3.2951969681307673 0.83221255615353584 1.9258462106809013 52.86027295421809 0.74819644447416056
leaf_count=261 71 68 750 58 84 39 50 87 70 97 54 37 60 74 99 74 75 27 54 69 48 39 86 133 74 70 76 109 181 83 52 48 1140 40 241 70 159 4883 47
internal_value=-0.00101939 0.0168234 0.00951777 -0.0357002 0.0132919 -0.0192182 -0.00589218 0.00905286 0.0194003 0.0258479 0.0020776 -0.00661467 -0.0112139 -0.0158616 -0.00311757 0.0151989 0.00579486 -0.0122814 0.010895 0.040649 -0.0170086 -0.021679 -0.00369768 -0.0332254 0.0354874 0.02512 -0.0432389 -0.0351573 -0.0372825 -0.0184036 0.0058854 -0.00819613 -0.0464975 -0.0472332 -0.0285934 0.00958581 -0.048671 -0.0494838 -0.0290397
internal_weight=312.379 206.199 175.159 106.179 164.844 43.9996 29.7644 143.002 57.2214 47.9116 85.7802 51.3991 46.6038 42.7746 24.903 34.381 24.6099 26.8337 15.9586 21.8427 24.9102 22.8623 10.8282 17.8716 33.5352 20.986 13.4722 5.40615 12.0342 5.8294 3.26393 8.54855 14.2352 62.1799 4.85139 1.55619 57.3285 55.5343 2.67404
internal_count=9837 2414 2153 7423 1403 1912 733 1250 398 328 852 649 581 544 275 203 149 683 176 153 625 598 234 269 231 144 209 148 364 183 135 102 1179 5511 351 110 5160 5089 206
is_linear=0
shrinkage=0.05


Tree=38
num_leaves=41
num_cat=0
split_feature=16 15 15 35 49 15 15 3 7 32 26 50 32 10 34 41 49 43 35 40 4 45 15 41 45 41 10 10 35 40 43 45 20 38 6 38 6 40 43 35
split_gain=72.0322 23.5913 14.6373 7.88402 7.36372 5.19962 3.99225 4.92021 3.92152 3.60095 4.83219 4.06718 3.71616 4.75385 3.8862 3.22142 4.57678 3.16269 5.69799 3.31031 3.07422 4.38681 2.83731 2.76913 2.72621 2.62991 2.44325 3.50448 2.09925 1.63176 1.98005 1.20157 0.672348 0.474003 1.49423 2.2434 0.377064 0.288801 0.197894 0.754002
threshold=4.0150000000000006 0.97500000000000009 4.035000000000001 2006.2100000000003 13.500000000000002 8.8550000000000022 4.2750000000000012 1.0000000180025095e-35 1.5000000000000002 5.5000000000000009 4.5000000000000009 18763.000000000004 2.5000000000000004 6754.8400000000011 6.5000000000000009 14.945000000000002 7.5000000000000009 1739.0310000000002 548.95000000000016 43.250000000000007 1.0000000180025095e-35 14355.965383277919 6.3150000000000004 20.485000000000003 5254.6255013618056 11.780000000000003 9682.9100000000017 2710.7800000000002 1188.3700000000001 28.105000000000004 879.98200000000008 20730.651879536115 0.024987952814767126 116.04500000000002 6.5000000000000009 117.45500000000001 1.5000000000000002 34.405000000000008 426.93750000000006 405.72500000000008
decision_type=2 2 2 2 2 2 2 2 2 2 2 2 2 2 2 2 2 2 2 2 2 2 2 2 2 2 2 2 2 2 2 2 2 2 2 2 2 2 2 2
left_child=1 -1 4 33 8 6 32 15 9 10 11 12 14 28 -3 16 -8 18 -16 -19 21 -17 -23 -10 -20 -26 27 29 -14 -27 -31 -24 -5 36 35 -35 -2 -29 39 -38
right_child=3 2 -4 5 -6 -7 7 -9 23 -11 -12 -13 13 -15 17 20 -18 19 24 -21 -22 22 31 -25 25 26 -28 37 -30 30 -32 -33 -34 34 -36 -37 38 -39 -40 -41
leaf_value=0.057259949533006609 -0.018999583987770723 0.035640902248868372 -0.049779858577072754 -0.052835162962965733 0.045974818652423005 -0.049674406877472627 -0.011161771070685675 0.063977578346797889 0.0077322611463799817 0.039703734985610105 -0.040033748483579476 -0.033203166569197792 0.016756961108246923 -0.0018845420173223488 0.044861802769197434 -0.049062496156728148 0.067138434011317791 0.025434333342128912 0.01767785633248959 -0.01095922133145919 -0.052955883271679931 -0.016861434543347809 0.071919713824822665 0.052649057486943276 0.013844188387259163 0.012445098121317173 0.0093708599985625144 -0.057659018101279047 0.047139544083095064 -0.053424298176139751 -0.00018603245238392639 0.016032858850619693 -0.0018568286512786747 0.071752678979583637 -0.047674566100577319 -0.04014500117747153 -0.045427468972221607 -0.03703026746525525 -0.05032995827855799 0.0077887482322528852
leaf_weight=29.761061683297157 1.7611656915396441 7.7452814280986777 9.8285802807658893 4.9732812009751788 15.046173471957443 10.253785504959522 4.5815831786021652 2.5700015462934962 6.3382704984396687 7.6430020108818999 5.6972515992820254 5.9480950180441132 10.802325143478813 13.790560506284235 4.1303391279652706 3.85329741239548 2.9334548497572541 16.81448485143483 4.9661463228985658 9.6081669833511096 4.8673918461427084 3.6225711815059167 1.8631849456578491 8.3441379275172931 4.3790626190602771 4.2146463030949288 3.8028494445607057 7.8503839503973705 14.176312832161782 3.3518825070932508 3.9247647589072585 2.6362088453024626 0.9867710843682288 0.71429372392594703 3.1459554983302951 0.86057624872773886 1.8419392043724649 5.8987718587741256 50.31821746379137 0.75415656715631474
leaf_count=261 71 57 750 227 93 873 96 51 45 44 51 89 87 87 56 178 72 92 57 67 162 79 58 60 44 40 46 98 93 57 49 56 60 36 241 74 159 91 4883 47
internal_value=-0.000999611 0.0161619 0.00908712 -0.0351842 0.0126634 -0.0186597 -0.00871708 -0.000277172 0.00924723 0.00651381 0.00444904 0.00660891 0.00873019 0.0213406 0.00227037 -0.00749505 0.019226 -0.00145244 -0.00995083 0.0120205 -0.0197559 -0.00552084 0.0148739 0.0337806 -0.0160794 -0.0212823 -0.0267794 -0.0324388 0.0343188 -0.0113419 -0.0257791 0.041323 -0.04539 -0.0470509 -0.0279795 0.00887557 -0.0485522 -0.049501 -0.0494039 -0.0283983
internal_weight=306.6 204.063 174.301 102.538 164.473 43.1415 32.8877 26.9277 149.427 134.744 127.101 121.404 115.456 38.7692 76.6868 24.3577 7.51504 68.9415 42.5188 26.4227 16.8427 11.9753 8.12196 14.6824 38.3885 33.4224 29.0433 25.2404 24.9786 11.4913 7.27665 4.49939 5.96005 59.3963 4.72083 1.57487 54.6755 13.7492 52.9143 2.5961
internal_count=9837 2414 2153 7423 1403 1912 1039 752 1310 1205 1161 1110 1021 267 754 701 168 697 538 159 533 371 193 105 482 425 381 335 180 146 106 114 287 5511 351 110 5160 189 5089 206
is_linear=0
shrinkage=0.05


Tree=39
num_leaves=41
num_cat=0
split_feature=16 15 15 36 49 15 7 15 3 32 26 13 13 32 36 43 49 41 41 49 13 30 40 43 40 40 40 6 40 10 45 10 18 20 38 38 10 36 43 36
split_gain=67.0483 22.7022 13.6891 7.8398 6.94012 5.05761 4.77463 3.78122 4.32474 3.69167 4.51561 3.98541 5.39566 6.98034 4.54883 4.97064 3.55554 3.10087 2.93893 3.96016 3.58976 2.56892 3.78605 3.21237 2.61314 5.00608 3.07892 2.00628 2.63605 1.99002 1.80571 1.59179 1.15686 0.708111 0.490085 1.49707 0.390813 0.800425 0.305901 0.831826
threshold=4.0150000000000006 0.97500000000000009 4.035000000000001 2006.2100000000003 15.500000000000002 8.8550000000000022 1.5000000000000002 4.2750000000000012 1.0000000180025095e-35 5.5000000000000009 4.5000000000000009 52.950437117939821 27.510786909785882 3.5000000000000004 458.13000000000005 869.60500000000036 4.5000000000000009 22.475000000000005 14.945000000000002 7.5000000000000009 35.78525866250579 1.0000000180025095e-35 37.615000000000009 1028.4375000000002 38.735000000000007 44.120000000000012 30.240000000000006 9.5000000000000018 33.870000000000005 2455.7450000000003 24439.908384664308 14624.595000000003 4.5934628330510749 0.070325421331738316 116.04500000000002 116.70500000000003 633.88000000000011 548.95000000000016 426.93750000000006 405.72500000000008
decision_type=2 2 2 2 2 2 2 2 2 2 2 2 2 2 2 2 2 2 2 2 2 2 2 2 2 2 2 2 2 2 2 2 2 2 2 2 2 2 2 2
left_child=1 -1 4 34 6 7 9 33 18 10 11 12 13 14 -3 27 -14 -8 19 -9 30 22 -17 -23 26 -26 -25 28 29 -16 31 32 -20 -5 36 -36 37 -2 39 -38
right_child=3 2 -4 5 -6 -7 17 8 -10 -11 -12 -13 16 -15 15 21 -18 -19 20 -21 -22 23 -24 24 25 -27 -28 -29 -30 -31 -32 -33 -34 -35 35 -37 38 -39 -40 -41
leaf_value=0.056822576339786601 -0.042859401098920127 0.051286814919248816 -0.049693005472380897 -0.052521302699504571 0.057802481582974165 -0.049595730106807331 0.013626596934030774 -0.010710384351332248 0.05879918645624968 0.039251343137102795 -0.03896410163246819 0.0448968365703208 -0.048666328569721952 0.043429312936205666 0.017557050579676568 0.011902654439783368 0.0026792972021567815 0.056653367697563843 -0.052441969663697074 0.061331234967959496 0.041781685550544317 0.04567535425222654 -0.032935392280028286 0.011216086775092296 0.050819474138484901 -0.00072061219860635947 -0.029181801900209615 0 -0.051167506510098271 -0.032043662079637297 0.01367505097830697 0 -0.0077067624543034983 0 0.0099564546534099321 -0.047383300759774233 -0.044302322636709149 0.020977544947772094 -0.0503173473270076 0.016911902660668773
leaf_weight=28.522728227078915 1.1836417578160752 4.6090738968923679 9.3653372898697835 4.8050098950043312 7.8445315267890683 9.768943537026642 9.3768644779920596 4.5412068003788653 2.662811901420354 8.0550593920052034 5.598682868294417 6.326893324032425 7.3168933978304249 12.29406185634434 3.6257666768506187 10.739705268293621 5.8423463487997651 8.230652701109646 8.0160172414034623 3.056760074570775 1.9701205119490612 6.9906996851786962 8.117851800285278 12.376697073690595 8.287485161796214 10.317010671831666 7.4244209481403223 9.084803610108791 7.2729750396683812 4.1713830698281527 2.018684532493352 2.4159820415079585 2.1384042399004093 0.93748572096228588 1.5347949396818865 3.061254596337676 1.5012717759236687 0.59860205650329579 48.226494388654828 0.63915989641100157
leaf_count=261 98 48 750 231 47 873 67 96 51 46 52 51 89 78 43 79 54 61 311 72 62 72 73 79 46 81 61 87 117 72 41 59 60 56 64 287 135 51 4836 40
internal_value=-0.000985237 0.0155357 0.00868161 -0.0346661 0.0120758 -0.0181255 0.00970977 -0.00840822 -0.00027899 0.00653311 0.00444515 0.00646224 0.00433136 0.00814524 0.00338646 0.000777627 -0.0256449 0.0342282 -0.00721277 0.0180436 -0.0191402 0.00810111 -0.00720752 0.0145721 0.00867677 0.0221199 -0.00375036 -0.0184503 -0.0295788 -0.00841535 -0.0279359 -0.0350681 -0.0436759 -0.0448649 -0.0468637 -0.0273664 -0.0484307 -0.0187867 -0.0493412 -0.0238523
internal_weight=300.869 201.792 173.269 99.0766 163.904 42.3314 156.059 32.5625 26.82 138.452 130.397 124.798 118.471 105.312 93.0179 88.4088 13.1592 17.6075 24.1572 7.59797 16.5592 64.2539 18.8576 45.3963 38.4056 18.6045 19.8011 24.1549 15.0701 7.79715 14.5891 12.5704 10.1544 5.7425 56.7452 4.59605 52.1492 1.78224 50.3669 2.14043
internal_count=9837 2414 2153 7423 1403 1912 1356 1039 752 1228 1182 1130 1079 936 858 810 143 128 701 168 533 491 152 339 267 127 140 319 232 115 471 430 371 287 5511 351 5160 149 5011 175
is_linear=0
shrinkage=0.05


Tree=40
num_leaves=41
num_cat=0
split_feature=16 15 15 35 49 9 20 32 50 16 6 18 32 35 45 13 35 15 16 29 28 38 10 19 38 40 33 40 18 5 38 49 16 38 38 6 16 6 43 35
split_gain=62.3989 21.8303 12.8157 7.79051 6.46116 6.0087 4.60303 3.79704 3.92235 3.78567 2.75696 2.7365 3.41714 5.85881 4.06933 3.70142 3.29684 2.83114 5.81272 3.9427 3.40555 2.64798 2.61138 3.34448 2.41061 2.88754 2.31422 2.2718 2.20733 3.22585 1.36786 0.819378 0.799718 0.654284 0.506823 1.47994 2.0046 0.41866 0.224516 0.709166
threshold=4.0150000000000006 0.97500000000000009 4.035000000000001 2006.2100000000003 15.500000000000002 0.069047619047619066 0.10784845471451182 5.5000000000000009 18763.000000000004 8.8616666666666664 13.500000000000002 0.71528858073983759 2.5000000000000004 548.95000000000016 12946.68304085417 1.7036935501273149 9068.6700000000019 3.3650000000000007 2.8850000000000007 17.500000000000004 7.5000000000000009 51.970000000000006 7681.4900000000007 0.13815253048880136 61.570000000000007 41.060000000000009 1.0000000180025095e-35 38.735000000000007 0.41727223935637309 2.5000000000000004 83.860000000000014 5.5000000000000009 4.291666666666667 85.310000000000016 116.04500000000002 6.5000000000000009 9.4725000000000019 1.5000000000000002 426.93750000000006 405.72500000000008
decision_type=2 2 2 2 2 2 2 2 2 2 2 2 2 2 2 2 2 2 2 2 2 2 2 2 2 2 2 2 2 2 2 2 2 2 2 2 2 2 2 2
left_child=1 -1 4 34 6 9 7 8 11 10 24 12 13 -3 -14 -15 17 18 20 -19 21 -13 23 -23 -5 26 -26 30 33 -30 -25 -20 -7 -17 37 36 -36 -2 39 -39
right_child=3 2 -4 5 -6 32 -8 -9 -10 -11 -12 16 14 15 -16 28 -18 19 31 -21 -22 22 -24 27 25 -27 -28 -29 29 -31 -32 -33 -34 -35 35 -37 -38 38 -40 -41
leaf_value=0.056410858602741303 -0.017011133173747771 0.03550512007105075 -0.049605586024398414 0.018464557558315508 0.056134658329243581 0 0.045114083848314175 0.039110094255073093 -0.03354358893978162 -0.048256821365850813 0.042932523197002886 -0.0029771631579599001 0.041836196370788892 0.022413180007905934 -0.006229982931377249 -0.036628443997357263 -0.018883853596752181 0.0087743928858128421 -0.0075862859387364244 0.078420630033803007 -0.0087728628859119594 0.044362679267350776 0.05088651539061622 0.012836412667627745 0.026279346570933788 -0.052384850099018145 -0.022530735341207371 0.029633906063080563 -0.056048538721135688 9.1341275685084074e-05 -0.016497575755379579 -0.039487683620632444 -0.049695668141191245 -0.073071171435174817 0.066510138039956604 -0.047412610436684634 -0.039633243783775605 -0.044931307140408244 -0.050259462773603859 0.0070092457547477355
leaf_weight=27.325374327600002 1.6571214739233244 4.5639752298593548 8.9240634832531196 7.4001806294545629 7.6808928437530986 1.0467294398695219 8.4187109870836121 8.6855584289878589 6.1370571842417112 4.1556901363655916 3.5485249683260909 8.4089686684310418 7.3282700655981925 3.1537986081093576 10.412219135090707 3.6598819131031659 7.6731949988752595 4.5034876139834505 4.2779808426275832 3.9505027253180742 10.335225541144608 10.389402039349077 9.3192548006772977 8.0407666787505168 4.0978898070752603 3.9137724824249736 5.6234108116477728 9.349626397714017 3.780086540617047 6.9988060342147946 7.6088346578180781 4.826973588205874 11.755329143255947 3.671147727407515 0.75243674404919036 2.9267471143975854 0.7927898857742548 1.6876916326582425 45.629989326000214 0.76549441833049048
leaf_count=261 71 59 750 98 47 39 62 50 92 360 45 56 56 43 92 53 47 59 50 48 53 64 50 51 60 76 94 60 62 88 51 55 1140 55 53 241 57 159 4883 47
internal_value=-0.00096477 0.0149467 0.00830516 -0.0341364 0.0115314 -0.0175881 0.00926133 0.00714585 0.00507682 -0.00465105 0.00268323 0.00693074 -0.00323583 -0.01491 0.0134682 -0.0260806 0.0119796 0.0149843 0.0116624 0.0424405 0.0170745 0.0222048 0.0270488 0.0205048 -0.00404103 -0.0166651 -0.00138829 0.0102533 -0.0348769 -0.0194712 -0.00112249 -0.0252872 -0.0459819 -0.0562884 -0.0466691 -0.0267268 0.00991446 -0.0483045 -0.0492417 -0.0271257
internal_weight=295.178 199.424 172.099 95.7538 163.175 41.5415 155.494 147.075 138.389 28.7395 24.5838 132.252 43.5682 25.8277 17.7405 21.2637 88.6842 81.011 72.557 8.45399 63.4521 53.1169 44.7079 35.3886 21.0353 13.6351 9.7213 24.9992 18.1099 10.7789 15.6496 9.10495 12.8021 7.33103 54.2123 4.47197 1.54523 49.7403 48.0832 2.45319
internal_count=9837 2414 2153 7423 1403 1912 1356 1294 1244 733 373 1152 508 360 148 301 644 597 490 107 385 332 276 226 328 230 154 162 258 150 102 105 1179 108 5511 351 110 5160 5089 206
is_linear=0
shrinkage=0.05


Tree=41
num_leaves=40
num_cat=0
split_feature=16 15 15 35 7 9 16 31 35 50 30 21 45 45 45 28 32 23 29 16 15 15 19 41 16 33 41 20 20 10 28 10 32 38 38 10 35 43 35
split_gain=58.0258 21.0171 11.9926 7.73227 6.07711 5.8014 3.59856 3.47888 5.01128 4.2789 2.93027 6.73405 3.65591 5.02992 6.19896 2.98644 4.03508 2.74511 2.71108 4.79139 5.94861 5.08994 3.60466 3.30672 2.62864 2.53083 4.06386 2.30162 2.25851 1.72369 1.55437 1.52818 0.977111 0.522721 1.49243 0.428528 0.786024 0.335648 0.772359
threshold=4.0150000000000006 0.97500000000000009 4.035000000000001 2006.2100000000003 1.5000000000000002 0.069047619047619066 8.8616666666666664 3.5000000000000004 9059.9150000000027 18763.000000000004 1.0000000180025095e-35 1.5000000000000002 7050.3965356694453 11185.584656482084 16642.817043181534 7.5000000000000009 1.0000000180025095e-35 0.16025641025641027 26.500000000000004 1.2650000000000003 2.1050000000000004 2.4250000000000003 0.14215154528548821 21.085000000000004 2.2325000000000004 1.5000000000000002 18.105000000000004 -0.13623973658126684 -0.13623973658126684 5729.5600000000004 4.5000000000000009 6046.2400000000007 4.5000000000000009 116.04500000000002 116.70500000000003 633.88000000000011 548.95000000000016 426.93750000000006 405.72500000000008
decision_type=2 2 2 2 2 2 2 2 2 2 2 2 2 2 2 2 2 2 2 2 2 2 2 2 2 2 2 2 2 2 2 2 2 2 2 2 2 2 2
left_child=1 -1 4 33 7 6 17 8 9 10 12 -12 -3 -14 -15 16 29 25 19 -18 23 -22 30 -21 -6 26 -5 -9 -16 -13 -23 -28 -7 35 -35 36 -2 38 -37
right_child=3 2 -4 5 24 32 -8 27 -10 -11 11 15 13 14 28 -17 18 -19 -20 20 21 22 -24 -25 -26 -27 31 -29 -30 -31 -32 -33 -34 34 -36 37 -38 -39 -40
leaf_value=0.056022808767064981 -0.042230619289979975 -0.043468876140432829 -0.049517407722966401 0.029249951619159976 0.050333404142764694 -0.04971792450038643 -0.048117098710908177 0.041396671552696045 -0.038238211523629322 -0.035383082602544323 0.055208716504763569 -0.038034774714640826 0.038849941559200143 -0.048985409233057969 -0.011862529922126448 -0.014813835429822165 0.048865052231078454 0.042126268518062983 0.044591397429560517 -0.044356453824065889 0.060517881889727822 -0.054536993153626714 0.024731345510004114 0.006416959238829934 0.011903567211656802 -0.03144154542812852 0.007148610186873525 0.0083870783304833187 0.030693104409969887 0.0043658613914424422 0 -0.041505654273750324 0 0.011198090310312126 -0.047134541203657926 -0.043721934063289621 0.022404526067454283 -0.050247814186380649 0.015551159669437493
leaf_weight=26.168857336044312 1.0943699786439527 4.9074402665719417 8.5037443367764336 8.519814422354111 12.840860687196257 11.341183681040999 3.9644905356690279 11.231871005147697 6.5455844942480317 5.6839136173948637 8.6672980198636633 4.6639500958845002 7.0763922622427371 6.6112299626693156 5.613764268346138 11.233489063568411 7.54306986182928 3.639500491321086 8.5274746231734735 7.1048269085586053 5.8576714582741287 2.5340807549655429 8.7085346700623614 5.4653566963970661 7.4926768429577342 6.0411025034263721 2.3509185686707488 10.862721322104333 6.5097110643982798 4.4132193550467491 2.7129183849319816 4.0336893070489168 0.90263624675571996 1.5027162842452515 2.8575695054605603 1.3758199326694005 0.5850293245166539 43.740693292580545 0.65410613268613804
leaf_count=261 98 53 750 95 84 1102 360 79 42 85 61 64 56 72 56 77 42 49 57 62 42 52 71 44 69 98 53 86 57 39 53 78 77 64 287 135 51 4836 40
internal_value=-0.000950685 0.0143444 0.00791961 -0.0336022 0.0109789 -0.0170639 -0.00446945 0.00727208 0.00386592 0.00636227 0.00863307 0.0138273 -0.00430017 0.003093 -0.0102821 0.00846629 0.0131165 0.00253286 0.0188947 0.0131838 0.00459377 0.0217488 0.00480548 -0.0220098 0.0365447 -0.0042768 0.00653663 0.0255038 0.0106429 -0.0170523 -0.0271747 -0.0229853 -0.0457518 -0.0464695 -0.0261096 -0.0481764 -0.0169109 -0.0491752 -0.0224414
internal_weight=290.084 197.481 171.312 92.6036 162.808 40.7933 28.5495 142.475 120.38 113.834 108.15 77.4319 30.7185 25.8111 18.7347 68.7646 57.5311 24.585 48.4539 39.9265 32.3834 19.8132 13.9555 12.5702 20.3335 20.9455 14.9044 22.0946 12.1235 9.07717 5.247 6.38461 12.2438 51.8103 4.36029 47.45 1.6794 45.7706 2.02993
internal_count=9837 2414 2153 7423 1403 1912 733 1250 1085 1043 958 664 294 241 185 603 526 373 423 366 324 218 176 106 153 324 226 165 113 103 105 131 1179 5511 351 5160 149 5011 175
is_linear=0
shrinkage=0.05


Tree=42
num_leaves=40
num_cat=0
split_feature=16 15 15 9 16 49 20 18 32 50 23 7 13 13 30 5 45 40 40 40 50 15 31 45 39 29 16 29 49 43 35 39 10 35 18 45 13 16 35
split_gain=53.9534 20.2164 11.2339 7.71868 8.29314 5.96396 4.0673 3.70716 3.49704 3.31607 3.17175 3.37296 3.53462 4.44752 3.63851 5.21784 4.04988 4.75694 4.86407 4.35192 2.59287 2.48454 4.80625 2.45011 2.30208 2.20232 2.2003 2.41814 2.19479 2.17427 4.17038 3.5824 1.98756 1.91004 3.72593 1.86346 1.47414 0.4422 0.517114
threshold=4.0150000000000006 0.97500000000000009 4.035000000000001 0.069047619047619066 8.302500000000002 15.500000000000002 0.10784845471451182 1.7123680493311875 5.5000000000000009 18763.000000000004 0.30384615384615393 1.5000000000000002 52.950437117939821 27.510786909785882 1.0000000180025095e-35 4.5000000000000009 17680.235512163057 27.835000000000004 30.535000000000004 38.735000000000007 13537.000000000002 2.7850000000000006 1.5000000000000002 15288.599596598751 97.010000000000005 22.500000000000004 1.5550000000000004 18.500000000000004 6.5000000000000009 1739.0310000000002 2006.2100000000003 127.65000000000002 8625.590000000002 624.79000000000008 0.43256302727489221 12946.68304085417 61.181936108009268 4.291666666666667 2926.7300000000005
decision_type=2 2 2 2 2 2 2 2 2 2 2 2 2 2 2 2 2 2 2 2 2 2 2 2 2 2 2 2 2 2 2 2 2 2 2 2 2 2 2
left_child=1 -1 5 4 7 6 8 29 9 10 11 12 13 14 21 16 17 -16 -19 -20 -15 22 -3 -17 -21 28 -18 -28 32 30 31 33 -9 34 -2 -23 -6 38 -5
right_child=3 2 -4 37 36 -7 -8 25 -10 -11 -12 -13 -14 20 15 23 26 18 19 24 -22 35 -24 -25 -26 -27 27 -29 -30 -31 -32 -33 -34 -35 -36 -37 -38 -39 -40
leaf_value=0.055656612596631849 -0.041403626353104302 0.024469230653893764 -0.049428278584610366 -0.041098908359214689 -0.050043078481515429 0.05412813530889591 0.042368592470752163 0.025408989710893545 0.037101761403057751 -0.031984931523562958 -0.02412417821726735 0.037225341538601339 0.041571085518872654 -0.0031662115394614481 -0.0042814199959746611 -0.03877501655061643 0.024012102494481945 0.080516085199455675 -0.00030870929604271714 0.02492066298601504 -0.052532940076507051 -0.061967421934302214 -0.022425461297205081 0.0049043896727065418 0.066517393574820199 -0.020346757128027818 0.0087079814924592418 -0.034435986454007021 0.044456340414424179 -0.053361255097209681 0.06203108626399622 0.074919159263922952 -0.024370000283636718 -0.048804341338548038 0.11086359747033699 -0.0096709056997533807 0.02221303781480569 -0.050219480803804555 0.0085244523647946217
leaf_weight=25.052863992750645 1.0070308633148686 10.731057971715932 8.1034095976501685 0.94993606023490318 16.550812323577706 7.405412917956709 8.2502054590731841 4.4661193229258078 8.6309663485735637 5.8678124472498885 8.0129106184467656 9.1220387015491706 6.3836413258686653 6.0251853959634882 7.8669714201241723 5.9505093209445459 6.7971930913627174 5.6994743412360576 8.2598334690555948 8.0537505354732257 5.0388260399922729 3.0805553402751675 10.912996003404258 6.428268188610673 6.6510056545957914 4.018436247482895 6.7834255518391711 5.8607028666883707 5.6832365486770868 4.1470820587128392 1.5645088441669939 0.69537207484245289 3.4334518639370799 5.7474504578858614 0.51937591470777977 4.3659280305728316 0.5852302759885778 39.477425664663315 0.73231095634400845
leaf_count=261 111 78 750 91 1652 47 62 71 50 92 76 66 49 61 66 54 39 41 84 65 49 53 82 49 52 70 73 59 55 72 25 51 53 626 47 56 48 4424 27
internal_value=-0.000934997 0.013781 0.00756163 -0.0330603 -0.0192951 0.0104687 0.00831385 -0.00376408 0.00633465 0.00434715 0.00602275 0.00802883 0.00563683 0.00344037 0.00689956 0.0132243 0.0197568 0.0295519 0.038994 0.0281677 -0.0263661 -0.00778417 0.000600446 -0.0158342 0.0443949 0.0111978 0.00103853 -0.0110107 0.0209761 -0.0233179 -0.00931206 -0.0245329 0.00311395 -0.0356055 0.0109635 -0.0325026 -0.0471707 -0.0490458 -0.0174253
internal_weight=284.913 195.335 170.282 89.5778 48.4181 162.179 154.773 31.2821 146.523 137.892 132.024 124.011 114.889 108.506 97.4417 68.3511 55.9724 36.531 28.6641 22.9646 11.064 29.0905 21.6441 12.3788 14.7048 17.6012 19.4413 12.6441 13.5828 13.6808 9.53374 7.96923 7.89957 7.27386 1.52641 7.44648 17.136 41.1597 1.68225
internal_count=9837 2414 2153 7423 2881 1403 1356 1181 1294 1244 1152 1076 1010 961 851 582 479 308 242 201 110 269 160 103 117 249 171 132 179 932 860 835 124 784 158 109 1700 4542 118
is_linear=0
shrinkage=0.05


Tree=43
num_leaves=50
num_cat=0
split_feature=16 16 9 16 49 18 10 5 32 30 16 22 43 10 29 13 45 5 20 41 13 41 16 5 10 41 38 36 41 32 43 29 49 41 6 18 30 13 13 41 29 36 21 45 33 16 36 13 41
split_gain=50.1579 19.4389 7.68374 8.01418 5.38057 3.40049 3.16419 5.20307 3.01461 4.11797 3.77963 4.93282 3.78256 6.35963 4.13665 5.48712 5.89374 3.38404 3.37015 3.27935 3.26321 2.79479 6.16187 4.52955 3.67406 2.7724 2.67279 2.74274 2.50978 2.42335 2.28379 1.98298 1.91126 2.09685 1.83226 1.61272 1.45595 1.44191 1.41018 1.33053 1.30455 1.09295 1.0181 1.61678 0.503717 0.45409 0.495422 0.33254 0.321703
threshold=4.0150000000000006 0.9750000000000002 0.069047619047619066 8.302500000000002 13.500000000000002 1.7123680493311875 16870.680000000004 6.5000000000000009 4.5000000000000009 1.5000000000000002 1.2150000000000001 1.0000000180025095e-35 869.60500000000036 1253.7000000000003 25.500000000000004 25.550987329768521 5759.489225396529 2.5000000000000004 -0.13623973658126684 18.710000000000004 14.418703872054399 16.970000000000002 5.8025000000000011 3.5000000000000004 2535.1150000000002 23.645000000000007 66.15000000000002 2613.9850000000006 24.095000000000002 2.5000000000000004 1841.7455000000002 22.500000000000004 6.5000000000000009 16.820000000000004 5.5000000000000009 0.35668912333601749 1.0000000180025095e-35 61.181936108009268 5.4084448756192138 15.435 15.500000000000002 555.81000000000006 1.5000000000000002 16642.817043181534 1.0000000180025095e-35 4.291666666666667 2926.7300000000005 2.0852677738946763 16.280000000000005
decision_type=2 2 2 2 2 2 2 2 2 2 2 2 2 2 2 2 2 2 2 2 2 2 2 2 2 2 2 2 2 2 2 2 2 2 2 2 2 2 2 2 2 2 2 2 2 2 2 2 2
left_child=1 -1 3 5 6 21 7 8 10 -10 17 12 13 -12 15 16 -14 -3 28 36 -16 22 -2 24 -24 42 -21 40 48 30 39 32 33 -7 -17 -27 -18 -5 -6 -20 -28 -23 43 -15 -44 46 -4 -41 -13
right_child=2 4 45 37 38 31 -8 -9 9 -11 11 18 14 25 20 34 19 -19 29 26 -22 41 23 -25 -26 35 27 -29 -30 -31 -32 -33 -34 -35 -36 -37 -38 -39 -40 47 -42 -43 44 -45 -46 -47 -48 -49 -50
leaf_value=0.055310614496722435 -0.052484002381237627 -0.0022290213662223561 -0.040721346656444043 -0.049982034985060528 0.053716450048780409 0.026355564576750042 -0.032158641166089519 0.062458892813098348 -0.008689188921291521 0.042702631414404224 0.035249788316633855 -0.073529089295998037 -0.033573989754825902 -0.047926195700055185 0.0089751648156867741 -0.05183105790119627 0.017506924945330123 0.040649137683980846 0.00186800171057188 0.035608220448130216 0.062153664615667376 0.0062474203083074152 0.072632770079805009 0.131937043214859 -0.045796663912650415 0.032542298011267672 0.034642547259166608 -0.03194118302922256 -0.0046403602778759588 0.025957051866859562 0.01793791112767713 -0.019644759096228162 0.041284026746039287 -0.024615614624814229 -0.0036294889523106697 -0.017342330329224099 0.050340265566066966 0.020867878432857534 0.020600056681412487 -0.017884278558341928 -0.0063147052767928121 -0.050340378011328735 -0.027416217856038812 0.0045282131281493433 -0.062277439411943171 -0.050183596448229909 0.0080911429491037617 -0.055564150241853974 -0.043825333983375153
leaf_weight=23.976934380829334 2.7450423445552605 7.629967859946194 0.91267987247556337 15.762485966086388 6.6024433448910695 4.3719257954508084 5.5512844468466929 3.8654025811702004 5.8308147583156851 10.697213811799882 5.3396464344114092 3.1625301754102129 5.8798526879400006 2.6743608331307787 5.8980603050440532 4.8719776170328242 6.5762275541201225 10.704532471485434 1.6338569205254296 5.1603926727548268 6.1501057464629412 0.78095548879355181 1.0876126056537039 0.98053682222962368 1.3372026262804864 2.3686962937936178 3.6182871572673303 5.8216517213732004 3.4927024566568434 4.3069519456475964 2.7677843542769551 3.9590458795428267 5.8180047478526831 3.5370866591110826 3.6865907991304994 4.6129650687798858 8.9467065548524243 0.59791648760438043 7.9622684717178345 1.3645647075027225 3.6759252371266484 6.4486944796517491 2.4161790180951357 2.7615651600062847 4.9083820218220353 37.578338229563087 0.738154212012887 3.7272213571704924 4.561571141704917
leaf_count=261 149 53 91 1652 60 47 66 35 80 65 84 59 63 58 61 69 64 76 50 66 50 81 74 67 71 47 51 49 60 67 29 70 55 77 49 93 98 48 75 32 50 490 60 51 94 4424 27 107 82
internal_value=-0.000916329 0.0132412 -0.0325181 -0.0187441 0.00722195 -0.00361177 0.00443753 0.00585411 0.00427137 0.0243285 0.00164026 -0.00181625 0.00386071 -0.0123323 0.0106899 0.00399721 0.0119325 0.0226187 -0.0213254 0.0200721 0.0368204 -0.0226613 0.00138937 0.0465013 0.0061155 -0.0255666 0.00534036 -0.00636943 -0.0416069 -0.00430036 -0.0186761 0.0105651 0.0197186 0.00291309 -0.0319275 0 0.0369517 -0.0469779 0.0362172 -0.0345184 0.0135196 -0.0435437 -0.0393376 -0.0207746 -0.0519752 -0.0489532 -0.016824 -0.0469682 -0.0574105
internal_weight=279.861 193.206 86.6557 47.4265 169.229 31.0661 154.664 149.113 145.247 16.528 128.719 110.385 85.3676 25.0818 60.2858 48.2376 39.679 18.3345 25.0172 33.7992 12.0482 13.38 6.15039 3.40535 2.42482 19.7421 18.2763 13.1159 11.2168 13.8004 9.49343 17.6861 13.727 7.90901 8.55857 6.98166 15.5229 16.3604 14.5647 6.72564 7.29421 7.22965 12.7605 5.43593 7.32456 39.2292 1.65083 5.09179 7.7241
internal_count=9837 2414 7423 2881 2153 1181 2018 1952 1917 145 1772 1643 1157 487 670 559 441 129 486 378 111 932 361 212 145 403 216 150 201 285 218 249 179 124 118 140 162 1700 135 189 101 571 263 109 154 4542 118 139 141
is_linear=0
shrinkage=0.05


Tree=44
num_leaves=49
num_cat=0
split_feature=16 16 35 49 16 14 23 45 45 40 32 26 18 16 34 49 33 10 28 41 50 38 5 10 16 30 40 10 41 16 26 10 28 31 28 10 41 41 34 13 35 38 38 41 6 18 43 43
split_gain=46.5935 18.7038 7.55718 5.04704 4.17002 3.35758 3.62853 3.03114 3.46016 4.11438 3.51414 4.27325 3.82557 4.34488 6.70896 4.31694 5.02884 4.88638 4.52325 3.42221 3.97812 2.91683 2.90572 2.86117 2.80391 2.65865 2.48706 2.39844 2.13151 1.92074 1.84808 1.76727 1.7073 1.81434 1.69182 1.67395 1.20429 1.08439 1.07302 1.0218 0.845403 0.591717 1.51239 0.580648 0.504438 0.45993 0.298753 1.04791
threshold=4.0150000000000006 0.9750000000000002 2006.2100000000003 15.500000000000002 8.8616666666666664 58.228786567233804 0.13392857142857145 26095.778086653339 24823.988673166532 45.365000000000009 2.5000000000000004 4.5000000000000009 2.7390498788814397 2.7750000000000004 36.500000000000007 8.5000000000000018 1.0000000180025095e-35 1218.9700000000003 4.5000000000000009 23.440000000000005 8.5000000000000018 104.75500000000001 5.5000000000000009 6693.5550000000012 4.8416666666666677 1.0000000180025095e-35 47.670000000000009 4146.8150000000014 12.430000000000001 1.6050000000000004 3.5000000000000004 7169.0700000000006 6.5000000000000009 2.5000000000000004 4.5000000000000009 3580.6950000000002 17.310000000000006 16.350000000000005 14.500000000000002 7.9728487570196771 10293.515000000001 116.04500000000002 116.70500000000003 11.870000000000003 1.5000000000000002 1.0202487011871424 426.93750000000006 417.22250000000014
decision_type=2 2 2 2 2 2 2 2 2 2 2 2 2 2 2 2 2 2 2 2 2 2 2 2 2 2 2 2 2 2 2 2 2 2 2 2 2 2 2 2 2 2 2 2 2 2 2 2
left_child=1 -1 41 7 5 40 22 8 9 10 12 23 13 15 43 17 -17 -3 31 20 -11 29 24 25 -7 -12 -21 -26 -29 -20 36 38 -27 -34 -10 -22 -30 -14 45 -25 -4 44 -43 -15 -2 -19 47 -46
right_child=2 3 4 -5 -6 6 -8 -9 34 19 11 -13 37 14 -16 16 -18 18 21 26 35 -23 -24 39 27 32 -28 28 30 -31 -32 -33 33 -35 -36 -37 -38 -39 -40 -41 -42 42 -44 -45 46 -47 -48 -49
leaf_value=0.054983292520038911 -0.012865985366793939 0.03653293275032847 -0.048768531515665473 0.046794926705852599 -0.049125565368433058 -0.048006534502578461 0.043204129214763895 -0.034320932533574065 0.058207303378561483 0.00473248428328258 0.0022215515353682129 -0.017796648804986399 0.038526025212794607 -0.011182971185736981 0.056019128104028662 0.059712190907505729 -8.5565035682633482e-05 -0.012415667529640573 0.011027833523746092 -0.016354606370096263 -0.016047084761139512 0.035920094894048266 0.041165720762818415 -0.01042278262780918 0.039217570853682854 0.060755139612201428 0.029124279861604131 0.029449514201726069 -0.0086502889012119982 -0.039127684676900254 0.017445344301450599 -0.00083274368658789455 0.011381639884347435 0.048191465065603872 0.012694444572861145 -0.061248123987190289 -0.051236100750521922 0.01087562283720921 -0.061299495729545954 0.018459769580906039 0.0092967586665359172 0.014265402295630931 -0.046682877072369788 -0.053654633001216971 -0.044576580323039405 -0.042240411857179624 -0.050131591916128905 0.028005925972360835
leaf_weight=22.940486691892147 1.4721421692520369 5.0946099953725925 4.9704691800288883 7.4943929063156238 7.3616073299199334 4.6588435191661217 4.0665248408913603 4.6297403071075669 4.4425754100084287 5.6859445152804282 5.6157319992780712 6.511600194964557 6.7745547881349912 1.2992507093586017 1.6915771486237634 5.9839509790763241 7.936741812620312 3.4105737502686697 3.643633511848746 5.5578989693894965 3.5415615322999638 4.8854297231882811 2.5251740347594014 5.7120442367158812 2.5624472736380985 8.0744632775895315 6.1656274450942874 2.1962195858359328 3.1603110530413669 3.6042865766212344 1.9646949828602371 3.3584414687938979 7.202781484462319 7.1382085024379194 4.4658968136645854 6.7457522843033075 4.5288328337483108 8.9991354630328697 5.2141691981814802 6.1531017264351249 0.52251684945076693 1.4286910593509667 2.544268743135035 8.3079491266980749 1.6008889172226184 3.1334995543584228 37.784424588084221 0.53498592227697361
leaf_count=261 71 52 496 66 829 72 83 55 52 81 66 93 45 49 32 46 88 66 35 90 55 41 24 57 77 90 67 42 56 68 57 45 60 60 51 93 146 77 81 47 30 64 287 310 174 35 4883 32
internal_value=-0.000900948 0.0126972 -0.0319688 0.00688048 -0.0154265 -0.00717233 0.000283867 0.00496334 0.00617975 0.00430015 0.00834281 0.0191035 0.00144864 -0.00446418 -0.0321447 0.00224278 0.025505 -0.00766262 -0.0162115 -0.0129653 -0.0280182 0.00616521 -0.00772925 0.0252805 -0.014645 0.0339934 0.00718476 -0.00325991 -0.0131149 -0.0134264 -0.0235135 -0.0344232 0.041686 0.0302568 0.0363405 -0.0464726 -0.0347106 0.0232339 -0.0435078 0.00416653 -0.0422837 -0.0458394 -0.0237259 -0.0486003 -0.0477791 -0.02787 -0.0489063 -0.0237207
internal_weight=275.299 191.416 83.883 168.475 38.5176 31.156 25.663 160.981 156.351 147.443 119.746 46.4079 73.3378 57.5641 11.2988 46.2653 13.9207 32.3446 27.25 27.6968 15.9733 12.1333 21.5965 39.8963 19.0713 28.0312 11.7235 14.4125 11.8501 7.24792 9.65384 15.1167 22.4155 14.341 8.90847 10.2873 7.68914 15.7737 11.7582 11.8651 5.49299 45.3654 3.97296 9.6072 41.3924 6.54407 39.9203 2.13587
internal_count=9837 2414 7423 2153 1912 1083 557 2087 2032 1929 1543 473 1070 948 391 557 134 423 371 386 229 144 474 380 450 276 157 378 301 103 259 227 210 120 103 148 202 122 182 104 526 5511 351 359 5160 101 5089 206
is_linear=0
shrinkage=0.05


Tree=45
num_leaves=36
num_cat=0
split_feature=16 15 15 9 15 7 18 31 35 18 50 50 17 32 50 16 41 15 5 34 16 19 18 45 33 38 6 33 38 13 35 43 16 43 15
split_gain=43.2715 17.9892 10.2034 7.66254 7.62077 5.33218 3.11986 2.87264 4.31147 4.45703 3.33453 3.29776 3.64522 3.21349 6.13765 4.71499 2.69797 5.55478 3.29277 3.59015 2.52858 2.47116 2.35673 2.32157 2.14024 2.12645 2.05612 2.96871 3.67914 1.45692 1.45376 1.39516 0.494156 0.512111 0.200158
threshold=4.0150000000000006 0.97500000000000009 4.035000000000001 0.069047619047619066 8.3050000000000015 1.5000000000000002 1.7123680493311875 3.5000000000000004 9059.9150000000027 2.9745320786774165 5.5000000000000009 18763.000000000004 0.52700000000000014 2.5000000000000004 13.500000000000002 2.7750000000000004 16.970000000000002 5.785000000000001 3.5000000000000004 17.500000000000004 2.2325000000000004 0.14014115589529602 0.71528858073983759 15083.806724083892 1.5000000000000002 77.340000000000018 11.500000000000002 1.0000000180025095e-35 62.480000000000011 61.181936108009268 504.02000000000004 1363.1000000000001 4.291666666666667 2117.6250000000005 3.1150000000000007
decision_type=2 2 2 2 2 2 2 2 2 2 2 2 2 2 2 2 2 2 2 2 2 2 2 2 2 2 2 2 2 2 2 2 2 2 2
left_child=1 -1 5 4 6 7 16 8 9 10 -3 12 13 15 25 21 17 -2 19 -19 -7 22 -12 34 -9 -15 27 -8 -29 -6 -18 -14 33 -5 -17
right_child=3 2 -4 32 29 20 26 24 -10 -11 11 -13 31 14 -16 23 30 18 -20 -21 -22 -23 -24 -25 -26 -27 -28 28 -30 -31 -32 -33 -34 -35 -36
leaf_value=0.054673253861900278 -0.052035797306911297 -0.031182639084133237 -0.049339825580247521 -0.040181527374963937 -0.04991468591787418 0.048159543735535867 0.027356023598047032 0.035967771013677652 -0.036914329400206079 0.028233263982489421 0.0003601772839848352 -0.033918158573162459 0 -0.01575651284854827 0.057946915006409375 -0.062407821324762837 0.024993034404894893 0.07269555338149096 0.11010148322051978 -0.044872971248788085 0.0096178002817922797 -0.0097610952464169398 0.032916900582354795 0 0.0037170000468363345 0.021210744441509163 0.042615638942103018 0.025124258200718105 -0.045160290903316636 0.022039885729522174 -0.050154081810608056 -0.029808665875263648 -0.050119474673909474 0.011054536981944665 -0.031101764365840168
leaf_weight=21.942834325134754 2.5745317195542174 7.4031800338998428 7.6607615184038869 0.86312136193737277 14.401589337736365 11.949946310371162 6.053186399862172 12.547113613225521 6.3497525174170724 17.443909473717213 9.5975993154570478 5.376562049612402 7.0774294501170507 6.3345278063789037 9.0779212228953821 2.9477175641804916 0.56246508331969369 1.0726935933344073 1.1204365226440129 1.3307668971829114 7.2358702719211569 9.453873183578251 14.232700312510131 4.093301760032773 9.3451971253380162 9.4694008417427522 3.8016703426837912 2.7856434872373939 4.9058166081085801 0.58644728083163578 6.2829865179955959 8.1456144247204048 34.22582553839311 0.69850151613354683 2.1075153285637498
leaf_count=261 156 94 750 92 1634 84 84 97 42 87 98 85 57 55 64 37 60 60 66 85 69 83 88 90 68 70 37 37 92 48 522 52 4424 26 83
internal_value=-0.000879995 0.0121735 0.00655851 -0.0314048 -0.0175524 0.00929205 -0.00298442 0.00587187 0.00275599 0.00506491 0.000747354 0.00352534 0.00606303 0.0111039 0.0253552 0.00258969 -0.0216445 0.00181455 0.0428872 0.00640987 0.0340081 0.0114433 0.02007 -0.0288563 0.0225077 0.00607324 0.0105424 0.00106628 -0.0190676 -0.0466405 -0.0429887 -0.015828 -0.048771 -0.0149689 -0.0511828
internal_weight=271.058 189.793 167.85 81.2657 45.4782 160.189 30.4902 141.003 119.111 112.761 95.3173 87.9142 82.5376 67.3146 24.8818 42.4327 12.9439 6.09843 3.5239 2.40346 19.1858 33.2842 23.8303 9.14853 21.8923 15.8039 17.5463 13.7446 7.69146 14.988 6.84545 15.223 35.7874 1.56162 5.05523
internal_count=9837 2414 2153 7423 2881 1403 1199 1250 1085 1043 956 862 777 668 189 479 949 367 211 145 153 269 186 210 165 125 250 213 129 1682 582 109 4542 118 120
is_linear=0
shrinkage=0.05


Tree=46
num_leaves=48
num_cat=0
split_feature=15 15 7 15 49 5 49 29 10 10 45 50 15 35 10 5 26 13 18 18 15 30 45 38 45 29 33 13 6 28 29 18 45 18 50 50 45 45 41 20 13 26 35 19 13 15 45
split_gain=40.0279 18.3191 6.07827 6.39364 5.04498 4.96379 4.1748 3.83737 5.09612 9.53664 3.52593 2.83941 2.8027 5.82522 5.2099 4.75999 3.59496 3.50014 3.16995 4.23982 2.6973 2.8734 2.62401 2.54434 2.51504 2.41293 3.45273 3.36779 4.61663 2.43184 4.46863 2.3956 2.35159 2.91731 2.08806 1.92789 3.08585 1.89642 1.52261 1.44483 1.41752 1.41207 1.11014 1.10117 1.04725 1.00817 0.827032
threshold=4.8950000000000005 0.97500000000000009 1.0000000180025095e-35 8.3050000000000015 12.500000000000002 6.5000000000000009 15.500000000000002 17.500000000000004 2535.1150000000002 2099.1850000000009 26095.778086653339 8.5000000000000018 2.7150000000000003 2926.7300000000005 11917.535000000002 2.5000000000000004 4.5000000000000009 57.514789232621538 4.4348819020291144 3.5892464435496909 3.2450000000000006 1.5000000000000002 23482.028065519728 97.710000000000022 20622.05870483792 22.500000000000004 1.5000000000000002 13.741820931093752 7.5000000000000009 7.5000000000000009 33.500000000000007 1.0417126131680228 6258.112884192361 0.62458432863847624 10.500000000000002 8.5000000000000018 13349.602396338474 15978.015222127224 14.635000000000002 -1.0000000180025095e-35 61.181936108009268 2.5000000000000004 846.92000000000019 0.14014115589529602 36.510286425185193 1.4450000000000001 19208.373980615284
decision_type=2 2 2 2 2 2 2 2 2 2 2 2 2 2 2 2 2 2 2 2 2 2 2 2 2 2 2 2 2 2 2 2 2 2 2 2 2 2 2 2 2 2 2 2 2 2 2
left_child=1 -1 3 4 7 6 10 8 9 46 12 24 16 17 15 39 18 20 19 22 21 37 25 -13 -10 26 27 32 45 31 -31 42 -3 41 -24 -35 -37 -14 -9 -15 -5 -34 -27 -28 -22 -29 -2
right_child=2 5 -4 40 -6 -7 -8 38 11 -11 -12 23 13 14 -16 -17 -18 -19 -20 -21 44 -23 34 -25 -26 29 43 28 -30 30 -32 -33 33 35 -36 36 -38 -39 -40 -41 -42 -43 -44 -45 -46 -47 -48
leaf_value=0.05437921160451327 -0.039803982374809171 -0.017836350578358872 -0.050168853933237501 -0.049776900497310934 0.093477792649634309 0.04375277705008826 0.041746815849473616 4.6119885012700423e-05 -0.020024794672511951 0.19319787823492604 -0.040565584791587242 -0.052645805566825722 -0.057934017220922535 0.021064233010623309 -0.028602618796268353 0.052823576401196462 -0.029450825534596489 0.057997819584040294 -0.020309721203927752 0.059407145481180215 -0.05110229969042375 0.013528935229222553 0.052630470487734997 0.013912311183872005 0.056158832161869454 0.034274965152516504 -0.0099383532968122801 -0.01706324419257936 0.018496361998192563 -0.026947137085322481 0.026449864159971782 0.060016972076142386 -0.024459347350220203 0.0063680585481211173 0.005914187361974476 0.070195364924354839 0.019201477675019479 -0.0024835344847918845 -0.050328426034197793 -0.019617265664313974 0.020708591629427071 0.01771837831337993 0.00013464652982357871 -0.049827620150259211 0.0025110377273617592 -0.05406592230306622 0.034370001094866161
leaf_weight=20.983207255601883 0.82844483666122604 4.480317292269322 32.237287651747465 12.864549215417352 1.1983114564791311 7.8389960788190356 6.6671883454546323 1.7964154700748611 1.6834419439546744 0.88979749986901868 4.6953232870437196 3.8540137140080333 3.6519857500679844 3.9902188186533776 5.9469672990962854 8.0108771808445436 6.1679012030363074 1.099881526082753 8.1032995381392521 4.418706431053578 10.143091151025143 5.6681669703684747 5.9070859672501665 2.0418790681287646 2.4613498188555241 4.6836905945092457 3.9010703591629854 4.0970026841387135 6.1083400514908126 6.689459551125764 9.0965583031065744 5.0736427581869057 4.2166841784492162 5.8880743398331132 4.4593042498454452 5.5585278854705376 7.2354842508211732 2.9683117168024182 5.3658719039522111 4.5701909307390478 0.59903570823371488 3.481581375002861 5.3396422890946269 3.8072574571706355 0.79635865148156959 4.5757263023406267 0.48767000297084451
leaf_count=261 81 61 4076 1552 28 96 97 97 85 34 74 145 99 47 70 91 70 29 69 37 807 98 64 61 39 53 57 47 95 57 65 44 85 63 58 41 68 74 297 68 48 46 65 50 59 89 40
internal_value=-0.000862687 0.0102659 -0.0345227 -0.0194687 -0.00166141 0.00504911 0.0032264 -0.00824068 0.00844239 0.0756617 0.00161361 -0.00643294 0.00290609 -0.0073175 0.0108332 0.0253722 0.00718045 -0.0242983 0.00936176 0.0118585 -0.0286415 -0.0118619 0.00952429 -0.0289138 0.0242955 0.00650782 0 0.00530778 -0.0140837 0.0176061 0.0034805 0.0319274 0.0147725 0.0205459 0.0332608 0.0312099 0.0421168 -0.0342229 -0.0371785 -5.3006e-05 -0.0461426 -0.00476048 0.0167626 -0.0306664 -0.0467591 -0.0375495 -0.0083027
internal_weight=266.628 200.32 66.3081 34.0708 20.6072 179.337 171.498 19.4089 12.2466 2.20591 164.831 10.0407 160.135 46.846 22.5183 16.5713 113.289 24.3278 107.121 99.0182 23.2279 12.2885 94.5994 5.89589 4.14479 84.2331 53.3501 45.6417 14.7811 30.883 15.786 15.097 30.8607 26.3804 10.3664 18.6821 12.794 6.6203 7.16229 8.56041 13.4636 7.69827 10.0233 7.70833 10.9394 8.67273 1.31611
internal_count=9837 3254 6583 2507 907 2993 2897 879 485 155 2800 330 2726 1442 276 206 1284 1166 1214 1145 1137 271 1108 206 124 986 702 595 231 284 122 162 364 303 122 172 109 173 394 115 1600 131 118 107 866 136 121
is_linear=0
shrinkage=0.05


Tree=47
num_leaves=39
num_cat=0
split_feature=16 15 15 7 15 14 6 49 28 29 29 10 20 13 32 10 50 35 16 45 33 13 50 13 13 4 34 41 45 4 24 10 6 41 13 10 38 15
split_gain=37.9114 17.4466 11.2302 6.0373 6.08525 5.89622 8.73466 4.39104 4.20488 3.52834 4.52727 5.02616 3.24681 3.15388 3.6858 3.20269 3.06615 2.40729 3.17183 2.4062 2.18627 3.75529 3.11437 2.90525 4.57695 3.09339 2.62063 5.96697 2.30928 3.17567 2.26937 1.95852 1.75776 1.48688 1.38685 0.98312 0.535434 0.507585
threshold=4.8825000000000012 0.97500000000000009 4.8950000000000005 1.0000000180025095e-35 8.3050000000000015 89.732832110254648 6.5000000000000009 12.500000000000002 7.5000000000000009 17.500000000000004 8.5000000000000018 2535.1150000000002 -0.1381525304888013 55.640486469311348 3.5000000000000004 3313.2850000000003 11.500000000000002 4363.795000000001 2.7750000000000004 15420.096955290976 1.0000000180025095e-35 15.557485228958335 7.5000000000000009 18.498753201614587 27.510786909785882 1.5000000000000002 20.500000000000004 19.165000000000003 18757.732558119587 1.0000000180025095e-35 2.5000000000000004 3496.9550000000004 8.5000000000000018 14.635000000000002 61.181936108009268 4072.6150000000002 62.480000000000011 2.7850000000000006
decision_type=2 2 2 2 2 2 2 2 2 2 2 2 2 2 2 2 2 2 2 2 2 2 2 2 2 2 2 2 2 2 2 2 2 2 2 2 2 2
left_child=1 -1 5 4 7 6 -3 9 17 10 31 -12 -13 14 20 -16 -17 18 35 -20 21 22 -7 25 -25 28 27 -24 29 37 -23 -2 -31 -11 -6 -8 -14 -22
right_child=3 2 -4 -5 34 13 8 -9 -10 33 11 12 36 -15 15 16 -18 -19 19 -21 23 30 26 24 -26 -27 -28 -29 -30 32 -32 -33 -34 -35 -36 -37 -38 -39
leaf_value=0.054099979501155027 0.015367153948480284 -0.037528883465394292 -0.049479949500581502 -0.050087003068279345 -0.049712217575573932 -0.014721569678039573 0.0247380470813219 0.08421103382891193 0 0 0.11440802310700947 0.038935071567599233 0 0.036006979763864293 -0.0090050083458666601 0.0088660217490350267 0.051293133157559505 0.070581220974710715 -0.049619767128006621 0.023053295203624917 0.020606971546397079 -0.040697926843366386 0.068033630543756898 0.032122885866072683 -0.020863749558183643 0.0032049693272039222 0.0013276989411824345 0.0012966558040969135 -0.050725041779484614 -0.051264344422010458 0.0093376373982001337 -0.05336307158768025 -0.0094791266534110762 -0.05014077659107722 0.019476231539411942 0.050382129763860251 -0.046989421182493329 -0.0043881723790958607
leaf_weight=20.060764253139496 1.3283482221886567 4.9993209363892666 8.8717330638319236 31.028176295105368 12.252789291553196 7.2076410781592157 7.0956624783575633 1.2726190467365075 8.4324581041000766 1.8056732565164555 1.3660047426819799 3.9990450954064762 0.85848201671614921 6.4829034712165585 7.7493929630145457 9.5303385942243057 8.2213579835370165 5.6685238890349856 1.7088272720575322 2.9278055536560714 3.5911356508731886 6.0693973684683424 7.0415296936407703 8.4759817626327294 7.5830092346295705 11.262069821357725 9.2633122876286489 6.6093392372131348 7.8024388533085576 6.4879527152515948 3.3095680773258209 3.1298587135970592 4.7032976071350276 5.1370278745889664 0.61110068298876363 12.880232407245783 1.7064943197183309 3.9130681459791958
leaf_count=261 91 86 968 4316 1552 90 54 28 68 98 87 97 25 55 68 71 51 39 67 82 24 96 64 76 96 89 95 85 97 72 44 93 45 299 48 89 94 77
internal_value=-0.000837945 0.00999176 0.00496191 -0.0341177 -0.0190583 0.00787671 0.0236781 -0.00190811 0.0317873 -0.00823915 0.00743695 0.0302963 0.0105878 0.00230995 0.000400654 0.0172464 0.0289727 0.0404586 0.0330612 -0.00315682 -0.00416273 0.00467595 0.0133816 -0.0107393 0.00681905 -0.0183371 0.0224642 0.0363296 -0.0276585 -0.0175471 -0.0226021 -0.0318997 -0.0343858 -0.0366292 -0.0459148 0.0416907 -0.0315348 0.00702941
internal_weight=262.445 197.949 177.888 64.4956 33.4674 169.017 43.7128 20.6036 38.7135 19.3309 12.3882 7.93003 6.56402 125.304 118.821 25.5011 17.7517 30.2811 24.6125 4.63663 93.3197 39.5008 30.1218 53.819 16.059 37.76 22.9142 13.6509 26.4979 18.6955 9.37897 4.45821 11.1913 6.9427 12.8639 19.9759 2.56498 7.5042
internal_count=9837 3009 2748 6828 2512 1780 485 912 399 884 487 303 216 1295 1240 190 122 331 292 149 1050 474 334 576 172 404 244 149 315 218 140 184 117 397 1600 143 119 101
is_linear=0
shrinkage=0.05


Tree=48
num_leaves=40
num_cat=0
split_feature=16 15 15 7 15 20 49 40 40 34 42 16 10 5 32 49 10 34 34 16 18 19 45 38 30 33 28 49 13 30 45 45 41 6 20 21 16 30 41
split_gain=35.3234 16.7123 10.5655 6.02964 5.9262 5.63835 3.64665 4.01973 3.56144 4.52249 5.63524 3.93667 4.71981 3.30249 3.43795 3.38938 3.22135 2.5332 4.0879 3.03853 2.95951 3.03537 2.83681 2.71532 2.68962 4.2663 2.43813 2.39351 2.18313 2.02373 1.84261 3.93326 2.31374 3.10815 1.86847 1.45368 0.809763 0.795764 0.489813
threshold=4.8825000000000012 0.97500000000000009 4.8950000000000005 1.0000000180025095e-35 8.8550000000000022 1.0000000180025095e-35 12.500000000000002 40.925000000000004 34.185000000000009 17.500000000000004 0.55000000000000016 6.535000000000001 5436.5800000000008 6.5000000000000009 4.5000000000000009 15.500000000000002 2535.1150000000002 9.5000000000000018 11.500000000000002 1.5550000000000004 0.41727223935637309 0.13815253048880136 23800.035121825003 63.710000000000008 1.0000000180025095e-35 1.0000000180025095e-35 3.5000000000000004 5.5000000000000009 8.2543012502546311 2.5000000000000004 7843.0241115820836 4973.9383882600005 14.635000000000002 5.5000000000000009 -0.13623973658126684 1.5000000000000002 8.0575000000000028 1.5000000000000002 20.670000000000005
decision_type=2 2 2 2 2 2 2 2 2 2 2 2 2 2 2 2 2 2 2 2 2 2 2 2 2 2 2 2 2 2 2 2 2 2 2 2 2 2 2
left_child=1 -1 5 4 6 13 7 8 9 10 16 -10 -13 14 15 17 -2 23 -19 27 21 -21 24 -3 25 -22 -26 -20 -25 -16 31 -28 -32 -34 -35 -7 -9 -29 -23
right_child=3 2 -4 -5 -6 35 -8 36 11 -11 -12 12 -14 -15 29 -17 -18 18 19 20 22 38 -24 28 26 -27 30 37 -30 -31 32 -33 33 34 -36 -37 -38 -39 -40
leaf_value=0.053834460722164801 0.062328365831338384 -0.015371230096428202 -0.049397060040766071 -0.050050957883837725 -0.049458299038259025 0.059473142650753277 0.071259764619927723 -0.051272342704309672 -0.0049515044677008683 -0.049972572155247925 0.096556988888466602 0.15044225563482086 0.01916266224410329 0.040501786369438852 0.0086401726135840132 0.041748420397138775 -0.050290892229487863 -0.04506925915732117 -0.0027180962682036782 -0.0031878082410928483 0.012555309799691022 -0.077090512624627655 -0.033181096628304561 0.049975756482886428 -0.025066929837283661 -0.045024381768605563 0.023503316841970184 0.036281802850849532 0.0063167824794972101 0.04452074464289376 0.040620003634732185 -0.034942385747999717 -0.017514797824314789 0.0049449581828782544 0.041084184017088791 0.021760613508180943 0 0.01269154731092104 -0.037320524038168393
leaf_weight=19.17460922151804 0.7524489625357148 4.3606546986848143 8.4530246807262284 29.535708187147975 10.434746055863796 5.6996140880510193 1.4013211806304742 5.065943829715251 2.9870934155769637 4.5422307793051004 1.4840855826623736 1.1360729932785036 1.8501038420945404 6.2058307444676748 9.4418060290627199 4.7579676173627368 2.2093561613000929 5.5248577147722235 14.177224053535612 5.2159480084665102 5.561133324634282 2.4423894961364567 6.7191659398376933 6.3031302331946772 5.2551382780075064 7.1015291106887162 5.43910467578098 8.2196242250502127 5.7720303284004331 7.2979410672560325 7.7517871297895935 5.8168202373199165 7.3697511022910502 8.2838416071608663 6.7707121344283197 5.9330183477140963 0.93354963045567263 8.1047493917867524 2.739849803969264
leaf_count=261 51 51 968 4316 1451 54 32 263 98 300 40 73 45 44 76 37 100 83 97 97 87 60 81 53 84 87 52 55 72 41 72 64 94 87 68 81 59 50 53
internal_value=-0.000815203 0.00959851 0.00474274 -0.0335855 -0.0184982 0.00751994 -0.00367307 -0.00923461 0.0043823 -0.0150787 0.0197864 0.0342552 0.0739837 0.00497595 0.0034512 0.000730219 -0.0189456 -0.000775934 -0.00349617 -0.00126216 -0.00662573 -0.0313316 -0.00262038 0.0174487 0.000805374 -0.0194448 0.00643438 0.0119986 0.0297404 0.0247512 0.0106011 -0.0063016 0.017071 0.00856427 0.0216922 0.0410141 -0.043527 0.0250227 -0.0581153
internal_weight=258.226 195.893 176.719 62.3327 32.797 168.266 22.3622 20.9609 14.9614 8.98812 4.44589 5.97327 2.98618 156.633 150.427 133.687 2.96181 128.929 112.494 106.969 76.4672 10.3982 66.069 16.4358 59.3498 12.6627 46.6872 30.5016 12.0752 16.7397 41.432 11.2559 30.1761 22.4243 15.0546 11.6326 5.99949 16.3244 5.18224
internal_count=9837 3009 2748 6828 2512 1780 1061 1029 707 491 191 216 118 1645 1601 1484 151 1447 1271 1188 986 210 776 176 695 174 521 202 125 117 437 116 321 249 155 135 322 105 113
is_linear=0
shrinkage=0.05


Tree=49
num_leaves=43
num_cat=0
split_feature=16 15 15 7 15 14 6 28 40 40 42 45 10 13 32 40 35 18 16 13 18 10 10 45 31 29 13 30 15 13 49 15 45 50 40 15 35 29 10 45 10 18
split_gain=32.9057 16.009 9.94254 6.01313 5.74642 5.22213 7.79476 3.83501 3.34908 4.10396 5.84441 4.32845 3.38849 2.91922 3.15298 3.35648 3.23668 2.79493 2.49196 2.44212 2.24428 2.23781 2.72792 2.23557 1.74024 2.98382 3.88794 3.57959 2.98278 2.95685 2.57254 3.07852 3.02487 2.06123 3.42077 1.87641 1.87343 1.56349 1.40717 1.22553 0.885266 0.0526035
threshold=4.8825000000000012 0.97500000000000009 4.8950000000000005 1.0000000180025095e-35 8.8550000000000022 89.732832110254648 6.5000000000000009 7.5000000000000009 40.925000000000004 34.185000000000009 0.55000000000000016 19208.373980615284 4146.8150000000014 55.640486469311348 3.5000000000000004 32.155000000000008 2211.1250000000005 2.2791640867698031 2.7750000000000004 7.4724183272627327 4.5934628330510749 2455.7450000000003 1785.7400000000002 15420.096955290976 3.5000000000000004 18.500000000000004 0.15645519251157411 1.5000000000000002 1.7150000000000001 2.6974052347858799 2.5000000000000004 1.4450000000000001 20343.199909266947 8.5000000000000018 29.565000000000001 2.9950000000000006 1793.4650000000004 22.500000000000004 5285.3450000000003 10162.933656519308 4554.8450000000003 0.85657841279146762
decision_type=2 2 2 2 2 2 2 2 2 2 2 2 2 2 2 2 2 2 2 2 2 2 2 2 2 2 2 2 2 2 2 2 2 2 2 2 2 2 2 2 2 2
left_child=1 -1 5 4 8 6 -3 17 9 10 21 12 -11 14 24 -16 -17 18 40 -12 -10 22 -2 -20 25 26 -7 30 -26 -27 -28 -32 33 41 -35 -36 -29 38 -31 -39 -8 -33
right_child=3 2 -4 -5 -6 13 7 -9 20 11 19 -13 -14 -15 15 16 -18 -19 23 -21 -22 -23 -24 -25 28 29 27 36 -30 37 31 32 -34 34 35 -37 -38 39 -40 -41 -42 -43
leaf_value=0.053581636894670714 -0.038984981135159219 -0.036206141210145308 -0.049312920760479856 -0.050015070450248812 -0.049391644187285144 0.035863793050537558 0.023823338169290095 0 -0.050667170188742588 0.053998603526019567 0.09827993692351808 0.07514855815358952 -0.047422928622949917 0.034239046470307156 0.039337463627286261 -0.016855005134039119 0.02844361308667348 0.06920109473279297 -0.047715441539624488 0.0015771505788669132 0.021931028646786102 -0.051990152194989495 0.094516477601197468 0.022444222840645105 0.042057632942514883 -0.053054444616655372 -0.048474821330241814 -0.0051652809859895872 -0.0059351850284131728 -0.04764275926739351 0.020583002328080496 -0.034015567450357317 0.01356754716527191 0.024865997445719774 -0.059019297607195376 -0.0059997415247790824 0.03384535165597246 0.01798178028461599 -0.0049715560807156133 -0.013983777851790349 0.048034627085163616 -0.056537548983634084
leaf_weight=18.323801226913929 0.76296721445397053 4.8942712056450537 8.0543092498555762 28.114959347993135 9.9390301569364947 6.4476900286972514 8.0774577232077807 8.3885394004173559 4.7997381747700265 1.3173003634437912 1.1842711451463404 3.5429160976782441 1.8447714350186286 6.5272623756900421 9.3640647786669451 9.4864507843740302 6.5770144537091246 6.0496111707761875 1.6505383434705425 1.5571411745622752 1.1899949293583629 5.4624756160192192 0.5613580234348774 3.1011539022438228 5.1202941834926596 5.5820337883196798 4.5144854113459578 4.900549778249113 8.1001369464211148 4.3334719277918357 7.0184006746858385 2.6807473776862087 5.8740270799025884 3.713333096355198 3.5020908508449793 3.5927017517387867 7.2798189278692007 5.2355665443465096 3.9840372162871063 6.745416306424886 10.767324725631623 4.0758787337690592
leaf_count=261 79 86 968 4316 1451 53 61 68 309 80 39 71 71 55 69 84 37 42 66 63 23 286 40 84 27 58 71 91 95 66 52 74 73 45 41 64 46 41 41 67 78 45
internal_value=-0.000794933 0.00921471 0.00452975 -0.0330493 -0.0179543 0.00717518 0.0222051 0.0299278 -0.00351188 0.00805534 -0.0126187 0.037923 -0.00327844 0.00194544 9.12947e-05 0.0156941 0.00144392 0.038348 0.0299683 0.0471004 -0.0352996 -0.0378009 0.0167563 -0.0013769 -0.00414692 -0.00698316 -0.000148148 -0.00524381 0.0124533 -0.0208913 -0.0134503 -0.00795353 -0.0167619 -0.0272072 -0.0128277 -0.0333225 0.0178287 -0.0115846 -0.0280994 0 0.0381014 -0.0489574
internal_weight=254.239 193.962 175.639 60.2769 32.162 167.584 42.9289 38.0346 22.2229 16.2332 9.52821 6.70499 3.16207 124.655 118.128 25.4275 16.0635 29.6461 23.5965 2.74141 5.98973 6.7868 1.32433 4.75169 92.7007 79.4802 53.5997 47.152 13.2204 25.8805 34.9717 30.4572 23.4388 17.5648 10.8081 7.09479 12.1804 20.2985 8.31751 11.981 18.8448 6.75663
internal_count=9837 3009 2748 6828 2512 1780 485 399 1061 729 507 222 151 1295 1240 190 121 331 289 102 332 405 119 150 1050 928 655 602 122 273 465 394 342 269 150 105 137 215 107 108 139 119
is_linear=0
shrinkage=0.05


Tree=50
num_leaves=40
num_cat=0
split_feature=16 15 15 7 15 20 6 40 5 32 40 28 42 16 10 23 7 5 12 6 13 13 50 33 45 18 45 45 28 16 16 4 24 43 41 29 28 21 16
split_gain=30.6505 15.3336 9.35882 5.98149 5.56557 4.92953 3.15266 3.55329 2.91374 2.99351 2.8989 3.90246 3.58939 3.39327 2.96478 2.86709 3.51442 3.96334 3.34614 2.6757 2.44091 2.88567 3.73717 2.09919 4.94115 4.25239 3.06301 2.33642 4.67047 3.84506 1.99823 4.31728 1.98429 3.52335 1.94892 1.92196 1.78695 1.30876 0.84853
threshold=4.8825000000000012 0.97500000000000009 4.8950000000000005 1.0000000180025095e-35 8.8550000000000022 1.0000000180025095e-35 14.500000000000002 40.925000000000004 6.5000000000000009 4.5000000000000009 34.185000000000009 1.5000000000000002 0.55000000000000016 6.535000000000001 5334.4950000000008 0.30384615384615393 1.5000000000000002 4.5000000000000009 0.10959887333667766 13.500000000000002 52.950437117939821 28.804029720162042 8.5000000000000018 1.0000000180025095e-35 23150.315542826254 3.70821526649152 9962.1888990604184 12369.850958113891 5.5000000000000009 1.7950000000000002 2.3450000000000002 1.5000000000000002 1.5000000000000002 1091.1925000000003 18.345000000000002 18.500000000000004 8.5000000000000018 1.5000000000000002 8.0925000000000029
decision_type=2 2 2 2 2 2 2 2 2 2 2 2 2 2 2 2 2 2 2 2 2 2 2 2 2 2 2 2 2 2 2 2 2 2 2 2 2 2 2
left_child=1 -1 5 4 6 8 7 10 9 15 11 -2 -13 -12 -15 16 17 19 -17 20 21 23 -23 24 26 27 34 28 -25 -29 -19 -32 -28 -34 -3 -31 -11 -7 -9
right_child=3 2 -4 -5 -6 37 -8 38 -10 36 13 12 -14 14 -16 18 -18 30 -20 -21 -22 22 -24 25 -26 -27 32 29 -30 35 31 -33 33 -35 -36 -37 -38 -39 -40
leaf_value=0.053340562877056498 0.069553346584159056 0.039857550951811309 -0.049227353377183321 -0.049979254178517729 -0.049323703274714831 0.056323297568092227 0.064823039475429362 -0.050863399652348255 0.037911388380769913 0.039184415018652496 -0.0066372471200622594 -0.050670602155395567 0.02087880559828513 0.11902771230275258 0.018440168175248579 -0.058945809194013404 0.034390075940058155 -0.040595812153281778 0.0039477746188154297 0.03440686643126592 0.030181519110951089 0.013753484982564831 -0.049507957822590987 -0.027777342410428198 0.05984098500860794 0.030256748347253143 -0.031809981325451646 0.0043058550289675757 0.027441793119069621 -0.013987970049980238 -0.037358631417979682 0.03535515182980966 -0.027941362267725641 0.02743857907663973 0.00024601193009043531 -0.056202956300050455 0.0056328398734420441 0.020098043063747021 0
leaf_weight=17.507366247475147 1.0741871506907132 7.1746819783002156 7.6746505773626259 26.762532562948763 9.4671304789371771 5.5452917357906681 1.4602944655343879 4.6844504293985656 6.1766388369724146 8.3808522322215158 3.0624046921730033 5.2797723314724863 2.4147942392155528 1.3598711844533684 1.8480988009832797 4.1569306869059783 7.9260537298396221 7.9355394514277569 3.9047030936926603 6.6083952584303907 6.8378615118563166 3.4945528637617809 6.1799985244870186 6.825018865056335 4.5317414491437367 7.0030095726251593 6.2019935701973763 7.519887417554858 8.4256151393055898 4.860030551441012 4.4718359834514541 3.5602498780936003 4.9925009687431139 6.4373799115419388 5.8692360031418502 7.5565677741542459 8.2844989732839149 5.8409505737945437 0.86957796616479743
leaf_count=261 44 61 968 4316 1451 54 33 267 44 63 98 355 91 73 45 58 96 63 54 46 63 37 103 97 38 40 70 57 74 91 78 37 96 51 71 103 54 81 55
internal_value=-0.000781789 0.00884548 0.00432152 -0.0325239 -0.0174342 0.00684482 -0.00335802 -0.00872437 0.0044678 0.00302475 0.00365127 -0.0144802 -0.0275949 0.0296213 0.0649003 0.000466646 0.00238518 0.000136955 -0.0281952 0.00386177 0.00162483 -0.000592447 -0.0262388 0.00257849 0.0116181 -0.00485643 0.00416035 -0.0120524 0.00238424 -0.0233021 -0.0228782 -0.00447472 -0.00921399 0.00278277 0.0225518 -0.0403227 0.0229369 0.0385124 -0.0425912
internal_weight=250.167 191.884 174.377 58.2831 31.5206 166.702 22.0535 20.5932 155.316 149.139 15.0391 8.76875 7.69457 6.27037 3.20797 132.474 124.412 116.486 8.06163 100.518 93.9101 87.0722 9.67455 77.3977 35.2075 42.1901 30.6758 35.1871 15.2506 19.9365 15.9676 8.03209 17.6319 11.4299 13.0439 12.4166 16.6654 11.3862 5.55403
internal_count=9837 3009 2748 6828 2512 1780 1061 1028 1645 1601 706 490 446 216 118 1484 1372 1276 112 1098 1052 989 140 849 387 462 349 422 171 251 178 115 217 147 132 194 117 135 322
is_linear=0
shrinkage=0.05


Tree=51
num_leaves=44
num_cat=0
split_feature=16 15 15 9 15 20 40 28 29 40 34 49 45 32 26 32 34 4 29 16 41 13 40 41 38 34 30 40 24 18 29 30 19 38 40 13 10 13 10 21 13 38 38
split_gain=28.5338 14.6764 8.81673 5.96001 5.43497 4.51076 3.50352 3.10684 3.48056 5.35687 4.21526 2.84004 2.7767 2.69776 3.05454 2.99492 2.98416 4.29502 3.84483 3.65612 3.65581 2.72601 2.63582 3.13467 2.30118 2.69667 5.56399 2.89572 2.97596 2.19908 2.19089 4.24168 2.85137 1.81201 1.69632 1.69459 1.59186 1.44046 1.32703 1.21667 1.08789 1.07785 0.599689
threshold=4.8825000000000012 0.97500000000000009 4.8950000000000005 0.04356060606060607 8.3050000000000015 1.0000000180025095e-35 40.595000000000006 7.5000000000000009 8.5000000000000018 34.185000000000009 17.500000000000004 15.500000000000002 25981.301605775141 5.5000000000000009 4.5000000000000009 3.5000000000000004 9.5000000000000018 1.5000000000000002 9.5000000000000018 1.3250000000000004 15.895000000000001 11.504010271180556 46.000000000000007 23.440000000000005 49.955000000000005 32.500000000000007 2.5000000000000004 42.900000000000013 3.5000000000000004 4.5934628330510749 17.500000000000004 1.5000000000000002 0.14014115589529602 98.40000000000002 34.870000000000012 9.5042922160763901 3953.9050000000002 61.181936108009268 7464.8750000000009 1.5000000000000002 1.9514223454456021 72.545000000000016 55.810000000000009
decision_type=2 2 2 2 2 2 2 2 2 2 2 2 2 2 2 2 2 2 2 2 2 2 2 2 2 2 2 2 2 2 2 2 2 2 2 2 2 2 2 2 2 2 2
left_child=1 -1 5 4 6 11 7 8 36 10 -10 12 13 14 15 16 17 20 33 34 -3 -17 24 -24 -21 27 -27 28 30 -8 31 32 -26 42 -20 -32 -2 -6 -11 -7 -12 -22 -18
right_child=3 2 -4 -5 37 39 29 -9 9 38 40 -13 -14 -15 -16 21 18 -19 19 22 41 -23 23 -25 25 26 -28 -29 -30 -31 35 -33 -34 -35 -36 -37 -38 -39 -40 -41 -42 -43 -44
leaf_value=0.053110358964820428 0.017362177800397619 0.037701188571540104 -0.049140177644769745 -0.049943421035069643 -0.049523242592697858 0.054320420181218 -0.050312411859133377 -0.048761031467170396 0.056078349529373496 0.10843890481863386 0.018097328183738774 0.039095570695661927 -0.033128155609036911 0.03206626758236971 -0.031708687652361234 0.045166069903324453 -0.022297440694631673 0.061849884440517623 0.034763398935378262 0.026207847124918922 -0.038262783709259958 0.0016239412259463374 -0.053143126710795241 0 0.015644959139896841 0.04156781542486105 -0.02081607498648258 0.022824657193351753 -0.057488348593157781 0.022232934220277979 -0.046767014423051007 0.041308754555910418 -0.03737276689440721 0 0.0037019860936980242 -0.0077217423833431014 -0.05117176075283944 0.023415533067270029 0.043592746654959262 0.019185380995783968 -0.048599503089888405 0 -0.054513506390239989
leaf_weight=16.724306337535381 1.2447641124017601 4.8497114926576632 7.3131544617936006 25.475186404772103 10.358498038724061 5.4679562095552665 4.4941298482008269 1.7115281471051265 2.0547041338868421 2.0011066165752709 0.61145582329481873 5.5624667196534565 5.0319233816117039 8.1339163617230934 6.0967746064998201 7.8999552465975267 3.3990179593674821 4.5612755757756522 10.346057251095774 7.5353003283962599 3.3432233300991356 6.9910149900242686 5.3170282873325032 5.4260714151896536 4.0677233147434944 8.2606594185344857 6.0438351691700509 5.2872778773307791 3.8489739145152262 1.1811294518411157 5.4555151816457492 4.6777119892649344 6.0767475967295468 3.5232761995866886 8.3138690236955863 6.3942165854386985 1.9308724571019409 0.57079054880887348 2.2331338860094547 5.8182218852452934 2.5476711611263454 3.5454221232794225 4.6092855865135789
leaf_count=261 70 40 968 4316 1552 54 300 88 76 71 33 44 45 56 62 58 38 36 60 95 43 54 87 63 71 76 58 63 70 22 62 63 74 44 53 81 47 48 33 81 172 58 91
internal_value=-0.000756221 0.0084999 0.00413521 -0.0319655 -0.0168885 0.00654222 -0.00109317 0.0118235 0.0207492 0.0360891 0.000947 0.00426578 0.00290696 0.00422295 0.00249696 0.00416563 0.00137553 0.0211501 -0.00186145 0.00169007 0.00452385 0.0252046 -0.00360627 -0.0262333 0.000561975 -0.00323926 0.0149012 -0.0106465 -0.0166637 -0.034225 -0.0103929 0.0021259 -0.0156805 -0.0288855 0.0212841 -0.0263572 -0.0230719 -0.0450829 0.0771876 0.0369744 -0.0339969 -0.0183233 -0.0419001
internal_weight=246.337 189.922 173.198 56.415 30.9398 165.884 20.0105 14.3352 12.6237 9.44807 5.21383 154.598 149.036 144.004 135.87 129.773 114.882 16.2996 98.5826 87.051 11.7384 14.891 68.3911 10.7431 57.648 50.1127 14.3045 35.8082 30.5209 5.67526 26.6719 14.8222 10.1445 11.5316 18.6599 11.8497 3.17564 10.9293 4.23424 11.2862 3.15913 6.88865 8.0083
internal_count=9837 3009 2748 6828 2512 1780 912 590 502 385 281 1645 1601 1556 1500 1438 1326 177 1149 976 141 112 863 150 713 618 134 484 421 322 351 208 145 173 113 143 117 1600 104 135 205 101 129
is_linear=0
shrinkage=0.05


Tree=52
num_leaves=41
num_cat=0
split_feature=16 15 15 7 15 14 6 28 49 40 10 41 35 13 29 29 30 21 35 5 45 41 40 41 18 10 28 40 16 10 16 16 10 41 34 40 10 15 20 50
split_gain=26.5647 14.05 8.30621 5.9208 5.24743 4.37511 6.86735 3.45194 2.73057 3.2198 2.86169 4.34585 4.19486 3.43377 3.86564 8.78178 2.61132 5.53342 3.47097 2.90081 3.84283 3.29546 2.83533 2.74768 2.56485 2.53981 2.39078 2.32364 2.28984 2.26984 2.13325 1.89523 1.75639 1.73293 4.22788 1.97777 0.877964 0.852692 0.436968 0.37749
threshold=4.8825000000000012 0.97500000000000009 4.8950000000000005 1.0000000180025095e-35 8.8550000000000022 89.732832110254648 6.5000000000000009 7.5000000000000009 12.500000000000002 40.925000000000004 4146.8150000000014 11.225000000000001 2392.1800000000007 12.568608874837965 9.5000000000000018 17.500000000000004 1.0000000180025095e-35 1.5000000000000002 2351.4500000000003 4.5000000000000009 15678.305298798752 22.010000000000005 37.690000000000005 25.410000000000004 2.2791640867698031 1278.8850000000004 5.5000000000000009 28.105000000000004 2.7750000000000004 8183.2300000000005 2.9950000000000006 2.3450000000000002 10986.825000000003 19.225000000000005 26.500000000000004 32.845000000000006 4072.6150000000002 8.0850000000000026 -0.13623973658126684 6.5000000000000009
decision_type=2 2 2 2 2 2 2 2 2 2 2 2 2 2 2 2 2 2 2 2 2 2 2 2 2 2 2 2 2 2 2 2 2 2 2 2 2 2 2 2
left_child=1 -1 5 4 8 6 -3 24 9 10 12 -12 13 14 -2 -16 18 -18 25 20 23 22 27 33 28 -7 -23 -22 36 38 -30 -21 39 35 -35 -19 -8 -11 -27 -13
right_child=3 2 -4 -5 -6 16 7 -9 -10 37 11 32 -14 -15 15 -17 17 19 -20 31 21 26 -24 -25 -26 29 -28 -29 30 -31 -32 -33 -34 34 -36 -37 -38 -39 -40 -41
leaf_value=0.052890203899711698 -0.03860455493987159 -0.035491421495249094 -0.049051214453676745 -0.04990748569774732 -0.049189531603623902 0.0080221380084602983 0.019448615916432332 -0.00033054008085072807 0.059334795359104769 -0.050487642311354254 0.058935378105709174 -0.011972277800589341 0.090950532600377818 -0.046177562337806483 0.21085214504458627 -0.035862334499147649 0.041106403929837276 0.032861135376571517 0.0077494658885797971 -0.043958871861635225 -0.0062666029092738485 -0.0051964633829071905 -0.018771603732816673 0.03782017913474453 0.066036694760825562 -0.058346392552528027 -0.054350275421596018 0.041044571308726574 0.022094885645758271 0.0022447566387990068 -0.045715063248328081 -0.0029631622852433312 0.0064601498211731313 -0.04865206889523338 0.013023821525605382 0.00094468657790982799 0.044373884145111536 0 -0.033018918855422623 -0.051349980671932374
leaf_weight=15.973606880754231 0.71472981292755422 4.7363501535728565 6.9689669236540785 24.249829951673746 8.6187274167314154 4.0562241682782831 6.7215374596417048 8.2709135659970325 1.5108296405524004 4.3572016642428926 1.580138442106543 1.2031077351421116 1.8516562748700378 1.8783390242606399 0.66234293486922957 0.58229487715288997 9.7809345750138146 9.6617562463507074 13.579110020771621 5.1162890689447504 4.17942460160703 5.0514356051571649 7.5336787700653067 9.984846727922557 5.7645084224641314 5.2891775206662732 5.3167005297727883 6.0292380061000586 2.9738180688582352 2.8298589703626922 1.7470457139424977 6.795000895857811 2.2063379334285855 4.0085626998916259 8.3222578926943225 10.332717635203151 11.567288838792591 0.84136723540723313 5.4998267376795376 4.3548118537291884
leaf_count=261 56 86 968 4316 1451 52 53 68 32 268 27 56 25 189 46 69 80 88 87 42 44 62 80 94 42 91 50 59 22 53 128 72 57 73 76 96 86 54 96 182
internal_value=-0.00073664 0.0081581 0.00394934 -0.0314218 -0.0163779 0.00624446 0.0202172 0.0275508 -0.00297719 -0.00814514 0.0033391 -0.0132816 0.031259 0 0.0460436 0.097627 0.00145917 0.00573212 -0.0109528 0.00142427 0.00534792 -0.00885169 0.00400497 0.0148985 0.0357116 -0.025565 -0.0311582 0.0213175 0.0276451 -0.0359186 -0.00239006 -0.0212078 -0.0291771 0.00756934 -0.00685394 0.016703 0.0356408 -0.0417363 -0.0463164 -0.044072
internal_weight=242.703 188.091 172.117 54.6117 30.3619 165.149 41.7815 37.0451 21.7432 20.2323 15.0338 9.3444 5.68936 3.83771 1.95937 1.24464 123.367 92.1128 31.2542 82.3319 70.4206 28.1105 17.7423 42.3101 28.7742 17.6751 10.3681 10.2087 23.0097 13.6189 4.72086 11.9113 7.76426 32.3253 12.3308 19.9945 18.2888 5.19857 10.789 5.55792
internal_count=9837 3009 2748 6828 2512 1780 485 399 1061 1029 707 322 385 360 171 115 1295 916 379 836 722 295 183 427 331 292 112 103 289 240 150 114 295 333 149 184 139 322 187 238
is_linear=0
shrinkage=0.05


Tree=53
num_leaves=43
num_cat=0
split_feature=16 16 7 16 5 32 49 30 16 31 35 10 10 41 7 41 38 40 40 42 28 16 43 35 28 20 18 24 41 43 18 6 19 10 19 41 40 34 38 29 10 16
split_gain=24.7365 13.4503 5.86649 5.03922 3.35054 3.10129 3.35663 3.25517 2.76116 6.42521 4.51645 4.85879 3.13958 3.50116 2.63658 3.4894 2.59107 2.45719 2.84614 4.84566 3.31218 3.16667 2.32912 3.62385 3.54262 3.53807 2.12536 2.06314 2.36896 1.99781 1.91412 2.27826 3.54266 1.87766 1.71282 1.86169 1.68057 1.12483 0.910786 0.665421 0.597965 0.415181
threshold=4.8825000000000012 0.9750000000000002 1.0000000180025095e-35 8.8616666666666664 6.5000000000000009 4.5000000000000009 15.500000000000002 1.5000000000000002 2.8850000000000007 5.5000000000000009 4611.9050000000016 10176.655000000001 1322.5700000000002 15.765000000000002 1.5000000000000002 20.485000000000003 47.840000000000011 40.925000000000004 34.185000000000009 0.55000000000000016 1.5000000000000002 6.535000000000001 1641.3220000000001 458.13000000000005 7.5000000000000009 -0.1381525304888013 4.5934628330510749 2.5000000000000004 13.790000000000001 3272.7630000000004 0.39293900880575594 5.5000000000000009 0.14014115589529602 5668.04 0.14014115589529602 19.090000000000003 39.470000000000006 6.5000000000000009 117.13500000000001 18.500000000000004 3923.8200000000006 3.0750000000000006
decision_type=2 2 2 2 2 2 2 2 2 2 2 2 2 2 2 2 2 2 2 2 2 2 2 2 2 2 2 2 2 2 2 2 2 2 2 2 2 2 2 2 2 2
left_child=1 -1 3 17 5 6 8 -7 14 10 12 -12 13 -10 16 -16 33 18 19 20 -2 -20 23 -18 27 39 -19 28 -25 -27 -30 -32 40 -3 35 -29 -23 -14 41 -24 -33 -39
right_child=2 4 -4 -5 -6 7 -8 -9 9 -11 11 -13 37 -15 15 -17 22 26 21 -21 -22 36 25 24 -26 29 -28 34 30 -31 31 32 -34 -35 -36 -37 -38 38 -40 -41 -42 -43
leaf_value=0.052679329180174733 0.049411026901596704 0 -0.049871359753678846 -0.049112490464098463 0.036358611672632289 -0.0049560319052550875 0.037001466656620775 0.038839086439891139 0.090972401072563894 0.087206566907595193 0.03151033778908547 -0.030664607477678154 7.8741690745856479e-05 -0.026411603860967137 -0.00091388735963053797 0.052866522810944609 0.041585746649388883 -0.049848416093687384 -0.007135569347297312 0.04017040217779741 -0.051274673771014634 0.024828990882583876 -0.016911680698540994 -0.026687412672926809 -0.038492335115578438 0.050712643611137753 0.022353464203593191 0.021295973830282908 -0.015285675289849046 0.0118786002462982 -0.002182796942137175 0.025326637857271107 0.067597434733946332 -0.045725749066082538 -0.035491161915904443 -0.019657432552448301 0.093689318120709839 -0.029471613811614023 0 0.0057292021594442799 0 -0.052964523308461742
leaf_weight=15.25424477085471 0.82650717440993471 3.6027139429934305 23.083514121826738 8.1805532695725542 7.457443634979426 6.5857495525851872 5.7336345091462126 10.862325054127721 0.92359186476096811 1.3854907220229495 7.201411528978495 5.3807248366065323 1.3326580952852989 1.4994759117253122 6.0661160168237966 5.5622627213597298 4.0446651945821932 4.0605122693814328 3.0806164219975463 2.8892252896912396 5.4456011061556637 2.3116658409126103 5.911876758094877 4.4348179064691093 7.5170149495825163 6.9298298098146915 1.1768322363495825 4.506895190104844 4.8015477387234595 7.2087506456300616 7.544634327292445 4.1399396834894997 4.4539595204405478 5.069681329652667 6.4816161068156353 6.7697024857625365 1.8346623643301425 4.2082006176933673 1.0807543587870885 6.5402721692807972 4.4329215036705136 11.297804123722015
leaf_count=261 36 61 4316 1446 90 99 74 80 39 21 78 78 41 95 70 61 55 309 99 102 373 84 52 62 66 48 23 48 73 52 73 47 52 56 98 95 40 76 49 55 53 751
internal_value=-0.000726218 0.00782543 -0.0308886 -0.0159025 0.00376576 0.00222739 -0.000124563 0.0220897 -0.00170235 -0.0140296 -0.0186923 0.00449496 -0.0332303 0.0181818 0.00224937 0.0246163 -0.000476323 -0.00294138 0.00636513 -0.0117144 -0.0366549 0.0298134 0.00211608 -0.00334459 -0.00680375 0.0144129 -0.032573 -0.00162075 0.0062949 0.0314862 0.0123381 0.0190704 0.0316832 -0.0264018 -0.0151483 -0.00280685 0.0579645 -0.0405221 -0.0440647 -0.00467071 0.0118834 -0.0471388
internal_weight=239.112 186.223 52.8897 29.8062 170.968 163.511 146.063 17.4481 140.329 34.3101 32.9246 12.5821 20.3425 2.42307 106.019 11.6284 94.3908 21.6256 16.3883 9.16133 6.27211 7.22694 85.7184 59.1277 55.083 26.5907 5.23734 47.566 29.8078 14.1386 25.373 20.5715 13.0268 8.6724 17.7582 11.2766 4.14633 17.9194 16.5868 12.4521 8.57286 15.506
internal_count=9837 3009 6828 2512 2748 2658 2479 179 2405 1228 1207 156 1051 134 1177 131 1046 1066 734 511 409 223 929 722 667 207 332 601 360 100 298 225 152 117 241 143 124 917 876 107 100 827
is_linear=0
shrinkage=0.05


Tree=54
num_leaves=44
num_cat=0
split_feature=15 15 16 49 43 16 15 41 20 18 30 14 38 18 6 24 41 29 29 32 29 3 15 35 40 9 20 38 40 19 16 43 49 29 18 38 13 13 45 41 6 32 45
split_gain=23.6086 14.4529 6.56621 3.95601 3.03017 2.72737 3.49132 2.99544 2.41544 2.88955 3.40472 4.99331 3.55989 2.38975 2.68159 2.37852 2.46067 2.37628 2.32673 4.16634 2.13069 2.39014 3.08556 3.64135 2.45321 3.46426 4.07293 2.10312 2.99692 1.99292 2.57031 1.94617 1.80237 1.75645 1.74847 1.34551 1.19986 1.19581 1.11532 0.954384 0.603917 0.379895 0.315327
threshold=8.3050000000000015 0.97500000000000009 8.302500000000002 13.500000000000002 426.93750000000006 4.8825000000000012 5.5450000000000008 11.445000000000002 0.070325421331738316 0.75054216756072345 2.5000000000000004 75.911435627777792 74.870000000000019 1.2475866419737944 8.5000000000000018 2.5000000000000004 21.695000000000004 17.500000000000004 36.500000000000007 4.5000000000000009 28.500000000000004 1.0000000180025095e-35 2.8950000000000005 4624.3100000000004 23.870000000000001 0.097619047619047633 -0.14014115589529597 97.210000000000022 40.395000000000003 0.14215154528548821 2.6450000000000005 782.29500000000019 8.5000000000000018 19.500000000000004 0.48832914280759493 116.49500000000002 1.3091091184664354 61.181936108009268 11185.584656482084 26.680000000000003 8.5000000000000018 1.0000000180025095e-35 17775.586264485417
decision_type=2 2 2 2 2 2 2 2 2 2 2 2 2 2 2 2 2 2 2 2 2 2 2 2 2 2 2 2 2 2 2 2 2 2 2 2 2 2 2 2 2 2 2
left_child=1 -1 3 4 -3 8 -7 -8 9 10 11 32 -12 35 17 16 38 -15 19 20 21 22 24 36 -11 26 -26 28 -28 30 -5 -32 34 -10 -6 -9 -24 -2 -13 -18 -17 -38 -16
right_child=37 2 -4 29 5 6 7 13 33 18 12 15 -14 14 42 40 39 -19 -20 -21 -22 -23 23 -25 25 -27 27 -29 -30 -31 31 -33 -34 -35 -36 -37 41 -39 -40 -41 -42 -43 -44
leaf_value=0.052477014461932148 -0.049931010867881737 0.045171729236393898 -0.048716006713578487 0.033009893821869161 0.019375780141875947 -0.049800312818220921 0.040673891865161169 -0.048945993289214257 0.046764320243853547 0.032011868133598569 -0.022888485437706496 -0.0084036076652436453 0.032430652710173417 0.040751086384698855 -0.012425932907725992 -0.060507591004747618 0.02578965118996189 -0.023421241683091756 -0.019915134012449515 0.047351687248238288 0.026733692848998104 0.035043622271741855 0 0.0037892493022943924 -0.030879277185155297 0.031679223321537539 0.015761460164556762 0.02406628735714195 -0.028662910974549666 0.047448835593987257 0.018004001368675079 -0.057578956598883249 0.036247624784466047 0 -0.047490690148046612 0.024379157358501012 -0.018480219341169168 0.0081047644609160349 -0.050899263343720837 -0.011451101485986276 -0.031179325878778544 -0.05524395211313439 -0.052562029046725557
leaf_weight=14.565193317830561 23.013066995888952 3.6315977764315894 6.3164798626676193 4.6954401805996877 2.0106151252984987 5.7497050734236863 2.8695406336337355 4.8736026287078849 4.9531167824752611 7.4205605559982351 4.3954791100695711 2.8593606902286428 7.8597878613509238 4.3089387500658614 1.3533406187780204 5.697227406781165 3.1577157634310424 1.9591339882463215 8.0982975843362492 6.1219580559991291 9.6608133236877602 4.9248844217509022 1.6258823578245953 8.8945686840452236 10.903505407273768 7.4757595444098106 7.5609913617372531 9.4606063906103355 7.315341480076313 6.7809821469709277 1.3393556671217086 1.8012186507694421 4.4349377802573144 3.1485414956696332 1.6501312744803724 0.55770355602726329 1.4493893319740889 0.74317502742633124 4.5240423534996808 3.3601399376057088 4.5474606472998857 5.9708494655787945 1.6242668209597466
leaf_count=261 4180 98 1219 41 62 732 93 620 88 48 47 64 78 99 57 125 44 95 58 43 85 46 50 88 77 59 54 58 54 98 71 89 67 65 46 37 53 77 109 63 85 210 44
internal_value=-0.000704156 0.004581 0.000995853 0.00269041 0.000583391 -0.000350469 -0.0162499 -0.00475274 0.00210318 0.0005364 -0.00995833 -0.0185321 0.0121605 -0.0141877 0.00082942 -0.0299645 -0.0157726 0.0198555 0.0054133 0.00779963 0.00475635 0.00174698 -0.00063631 -0.018438 0.00565826 0.000899317 -0.00555989 0.00565911 -0.0057956 0.0276032 0.00941794 -0.0242414 0.0149055 0.0284952 -0.00989701 -0.0402082 -0.0406421 -0.0478795 -0.0354424 0.00595252 -0.0483998 -0.049069 -0.0369411
internal_weight=235.665 211.908 197.343 191.027 176.41 172.778 23.2962 17.5465 149.482 141.38 44.4969 32.2416 12.2553 14.677 9.24568 24.1459 13.9013 6.26807 96.8834 88.7851 82.6632 73.0023 68.0775 17.9407 50.1368 42.7162 35.2404 24.3369 14.8763 14.617 7.83601 3.14057 8.09568 8.10166 3.66075 5.43131 9.04612 23.7562 7.3834 6.51786 10.2447 7.42024 2.97761
internal_count=9837 5580 5319 4100 3801 3703 1777 1045 1926 1773 790 665 125 952 295 490 280 194 983 925 882 797 751 401 350 302 243 166 108 299 201 160 175 153 108 657 313 4257 173 107 210 263 101
is_linear=0
shrinkage=0.05


Tree=55
num_leaves=52
num_cat=0
split_feature=15 15 15 9 49 38 38 34 40 40 26 32 45 32 18 43 41 31 15 18 45 45 18 18 15 40 28 45 29 31 15 49 30 10 45 34 15 36 41 45 36 43 50 36 10 18 40 45 45 50 24
split_gain=22.3211 13.7651 3.44273 5.02775 3.02378 2.39029 4.6748 2.97907 2.99492 3.93986 2.7714 4.4722 3.03881 2.76886 3.38742 2.61248 2.2101 3.3579 3.36544 2.95345 2.60495 2.50381 3.10605 2.89245 2.11992 2.05113 3.42472 1.9644 3.13272 1.87521 2.78892 3.15683 2.87889 3.24265 2.40099 2.0777 1.83699 1.77777 1.71458 1.59612 1.31039 1.20484 1.15631 1.10057 0.980974 0.897775 0.766031 0.722283 0.542446 0.53609 1.65392
threshold=8.3050000000000015 0.97500000000000009 4.035000000000001 0.069047619047619066 15.500000000000002 118.59000000000002 117.50500000000001 6.5000000000000009 45.780000000000008 47.245000000000005 4.5000000000000009 4.5000000000000009 25981.301605775141 2.5000000000000004 2.7390498788814397 2983.9210000000007 20.110000000000003 3.5000000000000004 4.3250000000000011 2.3959551384410873 22456.01565051806 18077.519731184031 2.0217433917021275 2.2791640867698031 2.1650000000000005 38.82500000000001 5.5000000000000009 10921.392114374723 12.500000000000002 4.5000000000000009 2.7150000000000003 9.5000000000000018 2.5000000000000004 1218.9700000000003 15083.806724083892 20.500000000000004 2.7150000000000003 1543.9200000000003 23.160000000000004 17256.928119399865 7566.6550000000016 950.40500000000009 9.5000000000000018 1272.9350000000002 9841.3600000000024 0.51534420520730995 27.150000000000002 14441.523088157779 17435.611092021671 18763.000000000004 3.5000000000000004
decision_type=2 2 2 2 2 2 2 2 2 2 2 2 2 2 2 2 2 2 2 2 2 2 2 2 2 2 2 2 2 2 2 2 2 2 2 2 2 2 2 2 2 2 2 2 2 2 2 2 2 2 2
left_child=1 -1 4 16 5 6 7 43 10 42 11 12 13 14 15 29 17 18 -4 -18 21 22 27 -23 41 26 -26 28 -20 30 31 32 33 -9 -32 -33 38 46 -11 -36 -5 -15 -10 -3 -16 -41 -35 -28 -48 -2 -51
right_child=49 2 3 40 -6 -7 -8 8 9 36 -12 -13 -14 24 44 -17 19 -19 20 -21 -22 23 -24 -25 25 -27 47 -29 -30 -31 34 35 -34 37 39 -37 -38 -39 -40 45 -42 -43 -44 -45 -46 -47 48 -49 -50 50 -52
leaf_value=0.05228258310633363 -0.049881873348119957 0.052877930292979325 -0.051852653358599177 -0.049172863407101239 0.038145303079324282 0.042021073204772996 -0.051503147471021672 0.020932117676092241 -0.02088019812282528 -0.011012316818422936 -0.027988790390173175 0.039272498653618419 -0.039062505702371277 0.016271843177456485 0.0067402843833691967 -0.053332966901634173 -0.049434573674383767 -0.052155304177285366 0.077612273005627105 0.006649991572885908 -0.016720090699858838 0.09999767594642657 0.047119630346010716 0.019247282599318963 0.051812666355879812 -0.026826582964385188 0.009588721897560458 -0.048446303114116095 -0.042006207222457924 0.026824694932568602 -0.055744911294327265 0.046686903217768097 0.022094258058858601 -0.059718616357622357 0.049001949502979064 -0.0009271318842265612 -0.030931613041283879 -0.0058425119327801594 0.028169940381164344 0.011154048064970353 0.018138384229855416 0.045535960186617527 -0.064951245335846688 0.013728437345120534 0.033763113254134829 -0.04746032098899447 -0.039451931457777645 -0.022799064202288798 -0.0077146319776883344 -0.0424027347633881 0.072262026855195172
leaf_weight=13.905428316444157 21.18666480854154 3.6772435447201115 1.5692548668012118 8.7948433514684403 6.2208378799259654 3.6891270657069972 3.9051276613026848 4.0909016779623988 3.3184045511297908 4.9461830900982005 5.9988626916892818 9.4466012548655254 3.9293829514645031 8.487213277723642 7.3952752668410522 2.7563713653944424 4.6872216728515905 1.9693168886005867 1.0155222457833568 4.2975562517531216 3.1836266340687862 2.347554680891335 3.6135732983238995 2.4762505311518908 3.8849525791592878 3.8832575217820695 3.1079465528018773 2.1050523724406958 0.93336269445717324 4.3578802756965151 4.7714953753165883 4.7983896820805949 5.4818818848580113 3.7454816154204327 1.0106860571540894 3.9209741610102355 3.5948962108232072 6.4366553276777259 5.8631788287311792 0.88817116804420981 0.62299118051305491 7.2967763524502507 3.8146730903536081 4.4791721422225237 7.1786930821835995 1.4293425800278781 4.2609529388137162 3.342638754285872 2.6773526673205197 1.1672872356139112 0.30256206821650256
leaf_count=261 4000 57 37 1664 94 39 49 56 67 67 95 82 53 81 60 40 459 75 59 83 92 86 49 19 64 65 53 140 75 57 223 83 49 58 36 63 80 72 68 45 81 65 81 52 61 82 95 57 51 217 40
internal_value=-0.000691647 0.00439062 0.00093722 -0.0126048 0.00419702 0.00274932 0.00171018 0.00321986 0.00141144 -0.0155988 0.00466328 0.00653737 0.00333113 0.00517249 -0.00054332 -0.00673712 -0.00180691 0.00757387 0.0149447 -0.0222802 0.0222352 0.0326147 0.0136886 0.0607936 0.0177204 0.00327437 0.0152117 -0.0153243 0.0186299 -0.0038443 -0.007085 -0.000853132 -0.00952702 -0.0179992 -0.0333788 0.0249409 -0.000129402 -0.0276597 0.00984588 0 -0.0440511 0.0303166 -0.0457122 0.0324109 0.020531 -0.0233963 -0.0401641 -0.0065229 -0.0281992 -0.047743 -0.0125149
internal_weight=232.265 209.609 195.703 37.6161 158.087 151.866 148.177 144.272 136.115 21.5373 114.578 108.579 99.1327 95.2033 65.2005 50.6265 28.1983 19.2135 17.2442 8.98478 15.6749 12.4913 7.66751 4.82381 30.0028 14.2188 10.3355 4.05394 1.94888 47.8702 43.5123 35.4126 26.6932 21.2113 8.0997 8.71936 14.4043 17.1204 10.8094 3.3282 9.41783 15.784 7.13308 8.15642 14.574 2.31751 10.6838 6.45059 6.93831 22.6565 1.46985
internal_count=9837 5580 5319 2919 2400 2306 2267 2218 2109 363 1746 1651 1569 1516 1131 1010 1174 632 557 542 520 428 323 105 385 239 174 274 134 970 913 527 381 332 386 146 215 276 135 163 1745 146 148 109 121 127 204 110 146 4257 257
is_linear=0
shrinkage=0.05


Tree=56
num_leaves=48
num_cat=0
split_feature=15 15 16 49 43 16 15 45 45 50 50 29 32 45 29 43 35 13 38 15 33 16 30 22 35 13 45 40 45 38 38 38 19 16 28 6 41 6 31 16 40 13 40 29 40 38 16
split_gain=21.1064 13.1116 6.02273 3.47143 2.69066 2.44469 3.37149 2.78044 8.13495 2.5198 2.13657 1.97397 2.28226 3.00251 3.81763 2.94616 6.10251 2.40341 2.55111 2.3684 3.14097 4.03565 2.90261 2.34418 2.17831 2.14441 1.98904 1.89882 2.25266 1.86917 1.80094 1.77994 1.75569 2.33363 1.83782 1.70833 1.61848 2.52843 1.57726 1.55133 1.31751 1.20831 1.01531 0.918043 0.654199 0.588643 0.467781
threshold=8.3050000000000015 0.97500000000000009 8.302500000000002 13.500000000000002 426.93750000000006 4.8825000000000012 5.5450000000000008 19208.373980615284 20809.440883332503 7.5000000000000009 18763.000000000004 2.5000000000000004 2.5000000000000004 8648.8316805965296 36.500000000000007 735.65899999999999 548.95000000000016 5.7895569408101855 57.600000000000009 1.4450000000000001 2.5000000000000004 1.7350000000000001 1.5000000000000002 1.0000000180025095e-35 5177.7300000000005 6.0933404766782413 23389.209151683197 31.975000000000005 18564.0417493307 73.205000000000013 87.635000000000005 74.870000000000019 0.14215154528548821 2.6450000000000005 5.5000000000000009 9.5000000000000018 15.475000000000003 5.5000000000000009 1.5000000000000002 1.3250000000000004 48.605000000000011 61.181936108009268 39.470000000000006 12.500000000000002 25.705000000000002 61.315000000000005 1.6725000000000001
decision_type=2 2 2 2 2 2 2 2 2 2 2 2 2 2 2 2 2 2 2 2 2 2 2 2 2 2 2 2 2 2 2 2 2 2 2 2 2 2 2 2 2 2 2 2 2 2 2
left_child=1 -1 3 4 -3 10 -7 36 -9 -10 11 -6 15 29 17 16 -13 38 -19 30 21 -21 24 42 25 31 39 -20 -29 -14 -17 -23 33 -5 -35 43 37 -8 -15 -18 -38 -2 -24 -27 -11 -39 -12
right_child=41 2 -4 32 5 6 7 8 9 44 46 12 13 14 -16 19 26 18 27 20 -22 22 23 -25 -26 35 -28 28 -30 -31 -32 -33 -34 34 -36 -37 40 45 -40 -41 -42 -43 -44 -45 -46 -47 -48
leaf_value=0.052095398519919636 -0.049853221244537844 0.042240579706600286 -0.048576962030056611 0.031585969578309295 0.034415118630333842 -0.049700662415626817 0.057308904367170989 0.091920674418289258 0.024297434530462677 0 -0.0070452954379376549 0.031564715064386614 0.0035010195789392188 -0.027391965498727484 -0.031273285823944522 0.0025846415887593034 -0.013585954041009089 0.05057783352751738 0.029435695079765897 -0.036601176306090978 -0.048075149280670193 -0.026586296152558961 0.019433425419195915 -0.0059046369656429801 0.018355686673960724 -0.055047746341118635 0 -0.023236712706864209 0.021656768508544672 0.041951546640137921 0.036570755136834651 0.022689328955765992 0.044873669055796032 -0.059870247766258003 0.013751405069211301 0.001837157796130735 -0.049284823113296468 0.0024184437364164636 0.010028710128580691 -0.06701837274618265 0.023726278054606934 0.0091916966095651198 0.052746824158597987 -0.015439656318836321 -0.051765464675587042 -0.046180361229381725 -0.039936438916041955
leaf_weight=13.273932449519632 20.885664116591219 3.6775308800861231 5.8578298031352452 4.5500412248074991 4.7952163293957701 5.440464366227391 1.2412705104798099 2.3968117455951852 2.2921209512278438 0.85346699692308936 2.25558630330488 3.5152547983452669 5.1410959968343368 5.7687079324386996 6.7394318198785177 9.4449704270809907 2.130906702950595 4.9151182146742967 7.2495724726468351 6.6313140178099266 3.6882559922523788 2.6755623528733912 5.968009874224661 4.82111707702279 6.8728347071446469 4.7813134156167489 2.2128284154459825 6.1895901053212565 4.8786683729849756 9.6728943497873825 7.0063371262513092 5.1193096451461315 6.6503095421940088 1.59469803981483 1.4660561908967791 2.9332215422764421 4.9015384064987302 0.70677546830847893 5.0878173978999257 6.1943249474279583 0.54659320460632432 0.72622300777584214 4.7910615694709122 2.8250543060712516 2.8387196618132293 1.4900675658136604 3.3638459476642311
leaf_count=261 4180 98 1219 41 45 732 60 73 83 30 25 72 54 67 55 67 19 47 81 79 60 47 72 86 57 107 36 67 52 87 44 88 98 109 51 63 480 45 53 186 30 77 52 65 149 95 93
internal_value=-0.000681782 0.00420324 0.000878408 0.00246829 0.000489244 -0.000406864 -0.0156667 -0.00443127 0.0157775 -0.0149068 0.0019149 0.00315085 0.00199792 0.00981979 0.00266428 -0.00327934 -0.0240368 0.00959177 0.0187146 0.000993809 -0.00424385 -0.000635411 0.00516491 0.0221204 -0.00516344 -0.0143028 -0.0431765 0.00966521 -0.00298413 0.0290558 0.0174944 0.0050198 0.0261025 0.00868257 -0.0237053 -0.0289762 -0.0240112 0.00152284 -0.00946726 -0.054259 -0.040763 -0.0476057 0.0350776 -0.0413771 -0.0405623 -0.0289435 -0.0279625
internal_weight=229.059 207.447 194.174 188.316 174.055 170.377 22.7078 17.2674 8.38112 5.98431 147.669 142.05 137.255 55.6429 40.8289 81.6117 14.0533 34.0895 23.2329 67.5584 51.1071 47.4188 40.7875 15.5802 25.2073 18.3345 10.5381 18.3178 11.0683 14.814 16.4513 7.79487 14.2611 7.6108 3.06075 10.5396 8.88625 3.43811 10.8565 8.32523 5.44813 21.6119 10.7591 7.60637 3.69219 2.19684 5.61943
internal_count=9837 5580 5319 4100 3801 3703 1777 1045 335 262 1926 1808 1763 563 422 1200 313 367 247 887 776 716 637 210 427 370 241 200 119 141 111 135 299 201 160 235 710 200 120 205 510 4257 124 172 179 140 118
is_linear=0
shrinkage=0.05


Tree=57
num_leaves=54
num_cat=0
split_feature=15 15 16 6 10 18 50 30 40 33 16 32 14 50 29 34 34 10 10 18 14 19 29 41 43 36 40 16 14 6 33 28 26 18 45 29 28 50 10 38 42 38 3 13 38 36 36 15 13 16 36 16 50
split_gain=19.9574 12.4861 5.70447 3.01405 4.72445 3.21485 6.8188 3.86005 3.54084 3.43126 3.01181 2.90823 3.28524 2.54048 2.22533 2.25685 2.20945 3.55485 4.73925 2.06181 2.74512 2.04075 2.42223 1.87061 3.22066 3.78333 2.41613 2.79308 3.4167 2.07542 2.04169 1.85894 1.75599 1.73978 1.71352 1.94461 2.57047 1.79167 1.71503 1.69503 1.3118 1.24504 1.34233 1.19507 1.16065 1.03728 1.02918 1.00335 0.926817 0.782363 0.797094 0.492681 0.397117
threshold=8.3050000000000015 0.97500000000000009 8.302500000000002 13.500000000000002 12082.930000000002 2.7390498788814397 10.500000000000002 4.5000000000000009 39.710000000000008 3.5000000000000004 4.0150000000000006 2.5000000000000004 40.394414860028938 5.5000000000000009 32.500000000000007 6.5000000000000009 17.500000000000004 2535.1150000000002 2099.1850000000009 0.39293900880575594 72.005045110989599 0.1362397365812669 12.500000000000002 29.295000000000005 885.84749999999997 548.95000000000016 24.630000000000006 2.6450000000000005 120.11770005541091 5.5000000000000009 1.0000000180025095e-35 5.5000000000000009 2.5000000000000004 0.75730506797102637 5759.489225396529 18.500000000000004 4.5000000000000009 10.500000000000002 16069.590000000002 72.545000000000016 0.55000000000000016 116.49500000000002 1.0000000180025095e-35 61.181936108009268 83.645000000000024 624.79000000000008 5177.7300000000005 1.7150000000000001 8.8879586666782426 2.6450000000000005 6716.3600000000015 3.6875000000000004 10.500000000000002
decision_type=2 2 2 2 2 2 2 2 2 2 2 2 2 2 2 2 2 2 2 2 2 2 2 2 2 2 2 2 2 2 2 2 2 2 2 2 2 2 2 2 2 2 2 2 2 2 2 2 2 2 2 2 2
left_child=1 -1 3 4 5 7 32 9 46 10 13 19 -13 31 15 -15 17 18 45 -5 49 22 -17 24 25 -23 -26 28 -28 -29 -30 -3 -7 -24 -6 36 38 -37 -36 -22 -19 42 -18 -2 52 -12 -8 -46 -11 -21 51 -51 -27
right_child=43 2 -4 11 34 6 8 -9 -10 48 16 12 -14 14 -16 21 41 40 -20 20 39 23 33 -25 26 44 27 29 30 -31 -32 -33 -34 -35 35 37 -38 -39 -40 -41 -42 -43 -44 -45 47 -47 -48 -49 -50 50 -52 -53 -54
leaf_value=0.051914861563869957 -0.0498133797930536 -0.052503510669579895 -0.048483436918228914 -0.032455922002275338 0.013294057726308584 0.022205761662312043 -0.0077191759113146826 0.042237813991697043 -0.047766811898997792 -0.014152659526364473 0.037797346626841442 -0.003840197763789248 0.059245293126459458 0.033909199365347482 0.02831656528585394 -0.013112088173883041 -0.050431318753995973 -0.049188404961473441 0.10834795122802617 0.053470719682940343 0.018215387426806867 0.019698343507089974 0.0092339548015985106 0.028131754393034752 0.032028735922960509 -0.027909805278710665 0.018211361722821659 0.051842407156962644 -0.0072908396359836584 -0.0019307090124566471 -0.048437828309261945 -0.00070454483395186208 0.058218782525602669 0.052256944319586912 -0.057539205836743691 -0.06646707827781595 0.024566083120502902 -0.015768895837971433 -0.0011310482623779023 -0.025906668820471782 0.0067869223206515261 0.024138955041237999 0.023925652519702814 0.0087190824692154334 0.00079451610056115857 -0.042344951469572706 0.027177546880192971 -0.034372036931473435 -0.062628176614791309 0.019417208345176441 0.047428843764794587 -0.03840650419837896 -0.058713414072822823
leaf_weight=12.669697884470223 19.882629480678592 3.2935790452174833 5.5828094123862675 2.8361739239189836 2.5234713214449611 7.581996838096531 3.9790733167901617 4.8988200551830223 3.9485705974511802 2.1035924367606631 0.46086990367621128 2.7566632197704148 6.6053175167180598 5.1394376703537992 9.2506422451697272 4.5179631989449254 7.0411487990058941 2.8080298462882638 1.3088675034232435 3.7351288390345863 4.0219589683692885 3.8395330146886435 5.3915591430850309 3.863222422078251 5.5991621087305274 2.7099020299501699 5.385591566562657 3.1706483941525212 6.3186216372996569 3.5854433197528124 6.3986177854239941 3.9549635499715805 7.5084524326957762 4.6870209900662303 2.9433474913239497 4.8096414911560696 2.9617158300243318 3.2930771103128791 2.7606956358067691 4.4128581427503377 1.3770416309125719 0.56294168205931772 0.51033312221989025 0.73256199015304346 3.1459301467984915 1.1066276002675293 3.9897049288265407 4.487111191265285 2.7519889478571713 0.45745075447484829 0.799118096474558 0.72614290146157146 4.9144219155423343
leaf_count=261 4180 73 1219 77 35 96 59 54 62 63 43 87 94 52 79 63 839 282 58 41 49 53 75 51 58 73 57 54 52 93 60 52 77 36 77 99 42 46 52 66 72 49 42 77 24 122 49 94 56 13 12 114 74
internal_value=-0.000664454 0.00402673 0.000828881 0.00235102 -0.000189714 0.0029469 0.018438 -0.000673706 -0.00946351 -0.00267252 -0.000701432 0.0179945 0.0402969 0.00274302 0.00529941 0.00228587 -0.0212621 -3.68737e-05 0.0412425 0.00524786 0.0133292 -7.6575e-05 0.0163517 -0.00468119 -0.00739142 -0.0234582 0.00256246 -0.00397586 -0.0143756 0.0229639 -0.0286002 -0.0253155 0.040719 0.0300498 -0.0233649 -0.0292242 -0.0117654 -0.0469155 -0.0315896 -0.00431527 -0.0298751 -0.0388989 -0.0445057 -0.04746 -0.0347017 -0.0149297 0.00925308 -0.0194088 -0.0433454 0.039844 0.0104378 -0.0123911 -0.0489153
internal_weight=226.102 205.487 192.817 187.234 160.883 141.591 27.0078 114.584 11.9173 109.685 104.829 26.3508 9.36198 89.6534 82.4048 73.1542 15.1759 7.06144 2.87637 16.9888 14.1527 68.0147 14.5965 53.4182 49.555 19.0969 30.4581 24.8589 18.1028 6.75609 12.7172 7.24854 15.0904 10.0786 19.2919 16.7685 8.66576 8.10272 5.70404 8.43482 4.18507 8.11442 7.55148 20.6152 15.2574 1.5675 7.96878 7.63304 4.85558 5.71784 1.98271 1.18359 7.62432
internal_count=9837 5580 5319 4100 3547 3196 343 2853 170 2799 2680 553 181 1173 1048 969 1507 577 223 372 295 917 174 743 692 318 374 316 169 147 112 125 173 111 351 316 171 145 129 115 354 930 881 4257 265 165 108 118 119 180 139 127 147
is_linear=0
shrinkage=0.05


Tree=58
num_leaves=45
num_cat=0
split_feature=16 16 9 16 5 35 18 6 16 31 50 29 40 20 10 6 40 10 10 34 41 29 32 28 26 41 26 35 16 41 41 31 13 45 28 10 6 6 23 10 35 33 20 50
split_gain=17.4979 10.7366 5.77834 4.39622 2.72783 2.81289 3.06633 3.90996 3.62502 3.82873 4.1107 4.43502 3.4986 3.22935 2.55108 2.20984 2.70511 2.32766 3.43471 5.58548 3.33194 2.9928 2.04011 3.74218 3.70182 3.38669 4.5191 2.83056 2.7652 2.81276 3.00636 2.70304 2.51881 1.93064 3.35461 1.6356 1.44432 1.37953 0.930668 0.725845 0.673893 0.523843 0.417633 0.359684
threshold=4.8825000000000012 0.9750000000000002 0.04356060606060607 8.8616666666666664 6.5000000000000009 9146.8200000000015 2.7390498788814397 5.5000000000000009 2.9950000000000006 5.5000000000000009 16399.500000000004 16.500000000000004 47.940000000000005 1.0000000180025095e-35 10176.655000000001 14.500000000000002 40.925000000000004 4146.8150000000014 3779.2650000000003 17.500000000000004 11.225000000000001 9.5000000000000018 2.5000000000000004 7.5000000000000009 4.5000000000000009 22.935000000000006 1.5000000000000002 910.91500000000008 1.4450000000000003 17.23 14.635000000000002 2.5000000000000004 8.2543012502546311 8648.8316805965296 6.5000000000000009 10986.825000000003 7.5000000000000009 9.5000000000000018 0.13392857142857145 3997.3150000000005 5562.4100000000008 1.0000000180025095e-35 -0.13623973658126684 6.5000000000000009
decision_type=2 2 2 2 2 2 2 2 2 2 2 2 2 2 2 2 2 2 2 2 2 2 2 2 2 2 2 2 2 2 2 2 2 2 2 2 2 2 2 2 2 2 2 2
left_child=1 -1 3 15 5 6 8 -8 13 10 12 -12 -10 22 40 16 17 18 19 21 -19 -2 23 25 31 28 -27 -28 36 30 32 33 -30 -24 42 43 -3 -15 -18 -33 -9 -31 -35 -22
right_child=2 4 -4 -5 -6 -7 7 14 9 -11 11 -13 -14 37 -16 -17 38 20 -20 -21 35 -23 24 -25 -26 26 27 -29 29 41 -32 39 -34 34 -36 -37 -38 -39 -40 -41 -42 -43 -44 -45
leaf_value=0.051740402452730976 0.0037381282078965288 -0.0090914284667120496 -0.049713766173824107 -0.048735523455181777 0.032936883410158664 -0.026740961232065558 -0.011638244254211554 0.030110139496525752 -0.052425060287243114 0.07454135731369925 -0.044421474156377018 0.069859140538222703 0.023383794444916506 0.0055513592534601093 0.0039482946115129937 0.053921262662333026 -0.049871156318689457 0.047999525514631859 0.12260188556175154 -0.047115983964711408 -0.010906852717200086 0.10915007351343708 0.028486454670296514 -0.047973044452296713 -0.027338846586816474 -0.020822152828162986 0.06643339579819546 0.014506279084274444 0 -0.026759480663866853 0.021069457686831439 0.04419283639818386 -0.056287501254839528 0.0022839651766874743 -0.032220766352203861 0.0072151090514688326 0.023730320597259356 0.052793774733325895 0.0058330996976586188 0.018477888809909283 0.056406540978019261 -0.054418937760343344 0.024479487091702789 -0.05080913207151258
leaf_weight=12.091731302440165 1.4754468780011039 6.056718787411226 18.619214156875387 6.4777260217815629 7.2190720792859784 8.1377972960472089 7.5835146564058986 7.1729627768509108 10.451935605145989 0.84374333685264069 1.3550148226786416 1.8669068615417925 1.6209181617014099 2.7906996211968353 6.6867714500986031 1.5392450708895911 3.7826490823645136 1.704421391710637 0.74452894809655834 2.1331596216186881 1.136997655034065 1.3372042176779357 5.9583577145822373 4.6048167659901074 5.7278837957419446 5.2887140149250653 4.2688822839409095 7.6269501624628901 4.1830295035615581 4.9919194099493307 5.8589609754271805 7.3312603777740133 3.5450290595181286 4.7949534920044261 6.4753605639562002 2.1072825649753213 6.9271586290560663 4.3710654210299253 0.71323749795556057 6.17117510875687 5.9751604511402547 4.6488456286024302 4.7422941750846803 3.8365701057482511
leaf_count=261 96 59 4316 1446 90 99 77 59 805 16 110 86 52 67 58 33 276 27 30 209 57 55 47 49 59 83 56 83 55 88 78 54 62 57 47 56 58 67 46 50 52 81 44 181
internal_value=-0.000649761 0.0064327 -0.0282568 -0.0131404 0.00305847 0.00164224 0.00323303 0.0183165 -0.000114355 -0.0221587 -0.0282675 0.0204016 -0.0417276 0.00320111 0.030021 -0.00147414 -0.00648996 0.00378133 0.0286829 0.011404 -0.0119263 0.0575971 0.000792648 -0.00519237 0.00933128 -0.00132678 0.0167852 0.0339559 -0.0100822 -0.0204428 -0.00527514 0.0154532 -0.0259008 0.004324 -0.00447763 -0.0275148 0.00808502 0.0354035 -0.0400115 0.0330299 0.0427735 -0.0410321 0.0139788 -0.0430674
internal_weight=222.977 177.37 45.6077 26.9885 165.278 158.059 149.921 27.4184 122.503 16.1385 15.2948 3.22192 12.0729 106.364 19.8349 20.5107 18.9715 14.4756 5.69034 4.94581 8.78527 2.81265 99.2023 58.001 41.2013 53.3962 17.1845 11.8958 36.2117 23.2278 13.587 35.4734 7.72806 21.971 16.0126 7.08085 12.9839 7.16177 4.49589 13.5024 13.1481 9.64077 9.53725 4.97357
internal_count=9837 3009 6828 2512 2748 2658 2559 246 2313 1069 1053 196 857 1244 169 1066 1033 711 390 360 321 151 1110 752 358 703 222 139 481 364 195 299 117 195 148 294 117 134 322 104 111 169 101 238
is_linear=0
shrinkage=0.05


Tree=59
num_leaves=46
num_cat=0
split_feature=16 16 7 16 5 35 18 6 16 7 30 31 50 41 40 41 10 26 32 6 30 41 31 45 45 45 16 28 18 30 35 45 29 34 32 10 40 10 41 50 45 35 45 6 35
split_gain=16.2631 10.262 5.6982 4.23553 2.47007 2.56941 2.77015 3.53085 3.34579 3.88678 3.53238 3.50712 3.87576 4.04459 3.3727 2.67179 2.29203 2.21029 2.33225 3.07566 2.97982 2.73057 2.46823 2.19577 2.14696 3.39045 4.24445 2.45966 2.28006 2.26183 2.11756 1.99531 2.13592 3.60463 3.40802 3.98576 1.9179 1.86764 1.55445 1.17217 0.657528 0.885549 0.625771 0.482688 0.155989
threshold=4.8825000000000012 0.9750000000000002 1.0000000180025095e-35 8.8616666666666664 6.5000000000000009 9146.8200000000015 2.7390498788814397 5.5000000000000009 2.9950000000000006 1.5000000000000002 4.5000000000000009 5.5000000000000009 16399.500000000004 14.085000000000003 47.940000000000005 19.375000000000004 10176.655000000001 4.5000000000000009 2.5000000000000004 1.5000000000000002 1.0000000180025095e-35 14.635000000000002 2.5000000000000004 12681.358235934307 23482.028065519728 17371.8057407532 1.7950000000000002 3.5000000000000004 0.57720465627254625 1.5000000000000002 2443.4200000000005 6512.1280036569451 8.5000000000000018 17.500000000000004 1.0000000180025095e-35 14624.595000000003 24.630000000000006 3555.8400000000006 11.445000000000002 9.5000000000000018 8648.8316805965296 758.00500000000011 16823.935793644727 11.500000000000002 1091.4850000000004
decision_type=2 2 2 2 2 2 2 2 2 2 2 2 2 2 2 2 2 2 2 2 2 2 2 2 2 2 2 2 2 2 2 2 2 2 2 2 2 2 2 2 2 2 2 2 2
left_child=1 -1 3 31 5 6 8 -8 9 10 17 12 14 -14 -10 -11 42 18 19 -3 -20 38 23 -22 25 26 27 -23 -28 -30 -15 -2 36 37 -35 40 -33 -34 -21 -27 -36 -42 -9 -43 -40
right_child=2 4 -4 -5 -6 -7 7 16 11 15 -12 -13 13 30 -16 -17 -18 -19 20 21 22 24 -24 -25 -26 39 28 -29 29 -31 -32 32 33 34 35 -37 -38 -39 44 -41 41 43 -44 -45 -46
leaf_value=0.051571483691514888 -0.046797598149129219 0.031176775289991149 -0.04967492864215959 -0.048649257187927425 0.031395042100715802 -0.02570270354562685 -0.011120599141827309 0.051350016020104562 -0.052240075436701908 0.0032161317216691182 0.043640214833191374 0.070040023951954536 0.11058088928887569 -0.045353523968236595 0.021982489122748333 0.050679315451438604 0.0037510832557011869 -0.035045793077214525 -0.020769303432292698 -0.00586401146672293 0.027321043392209768 -0.0055665804755837232 0.038807031140332425 -0.0095569249676532419 0.021761383902616841 -0.013840659341504712 -0.055050161398701572 0.042148639735084252 -0.030682851315646294 0.02163372382115554 0.047173154267488859 0.025265339798159061 0.09444251065889693 0.07691806166517251 0.0071623639688477778 0.05214395428248441 -0.050494190547122411 0.023705516021088929 -0.033379589603398957 -0.051073105963160448 0.0076484986493518432 -0.050386921091172432 0.02600997652302935 -0.0030700619671727492 -0.058275062929755699
leaf_weight=11.539055790752171 2.0775492745451691 4.63930370658636 17.724722487153485 6.1726310332305721 7.200327541679143 8.0495326644740981 7.5453424337320056 7.2346310182474571 9.9768558079376763 5.7460798253305239 4.2322064628824583 0.85908613912761289 0.79739397042431059 1.6419889491517099 1.6438003701623518 6.6403694753535092 6.6915404186584047 4.8573102452792218 6.0386111824773279 3.7885274423751962 6.8092109472490909 4.2038227766752296 8.9754938869737071 9.3763394933193904 6.3143251850269726 4.5028442386537773 3.268754680408164 6.610863191075623 4.175777778727932 3.8286099405959249 0.8283441918902098 1.0079104688484251 1.464370822533964 1.0262470254674543 0.71951922145671954 1.6273679300211368 2.7710615938995034 3.2975182975642383 3.2819146485999227 5.1060473690740764 0.75234268861822773 4.7332493478897959 5.9490922405384481 0.88083986379206169 3.4860823166090995
leaf_count=261 163 26 4316 1446 90 99 77 65 805 72 24 16 42 143 52 86 58 56 69 57 49 60 67 88 65 71 84 78 68 44 11 38 67 58 57 31 147 85 55 78 99 288 46 33 47
internal_value=-0.000623083 0.00617517 -0.0277003 -0.0127002 0.00292708 0.00157137 0.00309408 0.0174206 -0.000106308 0.00305659 -0.000389482 -0.0215735 -0.0276254 0.0190105 -0.0412163 0.0292636 0.0285075 -0.00257948 -0.000612728 -0.00702874 0.0101567 -0.0108375 0.0178296 0.005723 -0.00440208 -0.00982341 0.000777142 0.0232619 -0.0203684 -0.00508399 -0.0117543 -0.00137138 0.00374575 0.0127267 -0.00431466 -0.0152137 -0.0288685 0.047982 -0.0332818 -0.0344628 -0.0318893 -0.0371186 0.0405737 -0.0440217 -0.0475926
internal_weight=220.095 175.839 44.2553 26.5306 164.3 157.1 149.051 27.4206 121.63 105.882 93.496 15.7475 14.8884 3.26773 11.6207 12.3864 19.8753 89.2638 84.4065 53.2069 31.1997 48.5676 25.161 16.1856 38.011 31.6967 22.0878 10.8147 11.2731 8.00439 2.47033 20.358 18.2804 14.5015 9.73957 8.71332 3.77897 4.76189 10.5565 9.60889 7.08595 6.36643 13.1837 5.61409 6.768
internal_count=9837 3009 6828 2512 2748 2658 2559 246 2313 1244 1086 1069 1053 196 857 158 169 1062 1006 733 273 707 204 137 548 483 334 138 196 112 154 1066 903 718 566 508 185 152 159 149 477 420 111 321 102
is_linear=0
shrinkage=0.05


Tree=60
num_leaves=56
num_cat=0
split_feature=15 15 16 49 10 5 41 18 50 34 16 15 41 50 45 9 43 49 38 35 16 32 10 41 50 26 40 32 41 41 10 16 45 45 28 10 16 41 13 26 41 38 13 24 10 45 38 40 24 20 45 43 34 10 45
split_gain=17.2104 10.7377 4.85524 2.95029 2.50859 2.97564 2.97019 2.92787 5.29544 2.82409 3.08858 4.34202 3.20192 3.28176 4.15056 3.05088 2.8158 2.66287 2.47865 4.20937 3.5722 2.42424 4.8277 2.29061 1.97901 1.97537 1.91326 1.84775 3.89549 1.76624 3.53351 2.44535 1.90867 1.84681 1.69233 1.67406 2.53433 1.35532 1.2152 1.16578 1.08799 1.05346 1.07844 1.0445 1.01237 0.90405 0.79815 0.794804 0.586152 0.556528 0.534842 0.522638 0.262132 0.18459 0.173946
threshold=8.3050000000000015 0.97500000000000009 8.302500000000002 13.500000000000002 12082.930000000002 6.5000000000000009 26.680000000000003 2.9745320786774165 10.500000000000002 4.5000000000000009 2.2325000000000004 2.2650000000000001 11.780000000000003 7.5000000000000009 15083.806724083892 0.11882352941176472 544.78000000000009 6.5000000000000009 68.645000000000024 1250.3100000000002 1.2150000000000001 3.5000000000000004 3469.4350000000004 19.260000000000002 11.500000000000002 2.5000000000000004 39.625000000000007 1.5000000000000002 20.730000000000004 15.435 1253.7000000000003 2.5050000000000003 25106.059980685975 3120.2886767822224 1.5000000000000002 11393.090000000002 2.7750000000000004 16.350000000000005 61.181936108009268 2.5000000000000004 17.23 116.49500000000002 35.78525866250579 2.5000000000000004 9682.9100000000017 10532.093909695281 69.185000000000016 48.945000000000007 2.5000000000000004 -0.14215154528548815 10618.574438337919 776.46750000000031 15.500000000000002 1278.8850000000004 15853.989744788612
decision_type=2 2 2 2 2 2 2 2 2 2 2 2 2 2 2 2 2 2 2 2 2 2 2 2 2 2 2 2 2 2 2 2 2 2 2 2 2 2 2 2 2 2 2 2 2 2 2 2 2 2 2 2 2 2 2
left_child=1 -1 3 4 5 7 23 9 25 -3 15 52 13 -13 -15 16 -11 -17 19 -18 -20 29 48 37 54 -9 -10 -22 -29 30 -14 -32 33 -31 -35 36 -5 39 -2 -6 -38 42 44 -33 47 -25 -44 53 -23 -42 -45 -51 -12 -36 -24
right_child=38 2 -4 35 6 -7 -8 8 26 10 11 12 21 14 -16 17 18 -19 20 -21 27 22 24 45 -26 -27 -28 28 -30 32 31 43 -34 34 41 -37 40 -39 -40 -41 49 -43 46 50 -46 -47 -48 -49 -50 51 -52 -53 -54 -55 -56
leaf_value=0.051407595015945863 -0.049713893313892296 0.036989257716967663 -0.048177442563200057 0.031124189602962551 -0.0035450003076345701 0.051869753667195553 0.016772280357572521 0.016940111330610002 0.0077181509828847753 0.031689734022746066 -0.028158878987105458 -0.029963287512595811 0.077570329933470739 0 0.093341518263284962 0.0038084130593525911 -0.052954778682305241 0.058109898766295111 0.030727035648774149 0.0021693377300757168 -0.026888092546065702 -0.055298483327192907 0.022307873087983002 -0.019885841779203901 0.073815466299002083 0.055711247548127077 -0.032283209508872195 -0.019296927240157712 0.030468146986729495 0.020409802383056584 0.039679682192800353 -0.050128364868985642 0.012400591910325713 0.022183091339040784 -0.027620452885226396 0.052631529225861964 -0.059466615025764259 0.010497013831523667 0.010610166577362403 -0.044422278577716509 0.02572419592942915 0.0068114505187635488 0.027985365395572556 0.022127398505076359 0 -0.068456660558981253 -0.029516560508246855 0 -0.010053392973681456 0.010309473149100922 -0.025165129637328976 -0.046533878715595917 -0.067197365765581371 -0.053811616310924598 -0.0018427457715562052
leaf_weight=11.010712601244448 17.467865543672819 4.4071345000993452 4.8219277956522992 6.4494296545162779 3.7790803534444475 2.9178856897633514 5.2172162772621951 7.029467961983757 7.6842726210597885 5.8958264961838713 1.3394655089359719 1.8152413878124196 1.1961223632097233 2.4508898390922695 2.2914012216497213 4.9447354157455248 6.1304654045961779 4.4405311117880046 8.3559314222075063 7.4102427908219397 7.7915256582200554 1.5444533987902089 1.0107418771367522 1.929034882923587 2.492166519863531 7.2612250312231481 4.6429336338769644 8.721272094640879 6.9611261128447941 1.5075349507387787 1.5211121779866514 2.7738426229916513 2.7705854298546901 1.0999347900506133 1.9704055713955391 3.7989522367715827 1.1123715613503011 3.9259599719662219 0.70133699430152674 3.7217183441389352 1.0012560817413025 1.0601144728716452 0.87850898993201498 0.97988847922533784 1.3935249727219332 3.4448624493088573 1.3698301843833176 0.86530624679289836 1.9668518248945472 0.47931626299396224 1.1846965586300937 0.78094662609510124 3.3279793702531606 12.594192297663538 1.3006728403270242
leaf_count=261 4180 74 1219 56 78 29 77 89 99 53 48 75 35 87 76 71 73 46 46 53 86 61 53 39 44 69 66 75 58 44 17 181 91 49 81 62 60 59 77 60 18 53 41 33 72 89 79 29 60 35 81 68 134 838 50
internal_value=-0.000603741 0.00363965 0.000785962 0.00212947 0.000292254 0.00267714 -0.0153766 0.00161316 0.0165747 -0.00173731 -0.00331828 -0.0121856 -0.00753207 0.0244323 0.0464751 0.00431233 -0.000410403 0.0303694 -0.00475224 -0.0226264 0.00274206 -0.0127521 0.0109122 -0.025696 0.0435476 0.0372377 -0.00708421 -0.00709564 0.00252915 -0.0188502 0.00159501 -0.0126793 -0.0251634 -0.0299934 -0.0338855 0.0244322 0.0126024 -0.012255 -0.0470663 -0.0248028 -0.0212408 -0.0372905 -0.0400255 -0.0302665 -0.0443976 -0.0526167 -0.00468433 -0.0480728 -0.0323192 0 -0.00151658 -0.0220703 -0.0578685 -0.0508218 0.00713158
internal_weight=216.942 198.773 187.762 182.94 169.318 147.3 22.0179 144.382 26.6179 117.764 113.357 52.7055 48.038 6.55753 4.74229 60.6517 51.2664 9.38527 45.3706 13.5407 31.8299 41.4805 8.31489 16.8007 4.80358 14.2907 12.3272 23.4739 15.6824 33.1656 7.65566 6.45954 25.5099 22.7394 21.2318 13.6223 9.82332 11.4268 18.1692 7.5008 3.37389 20.1319 19.0718 4.93843 16.8234 5.3739 2.24834 15.4299 3.51131 2.26152 2.16459 1.26026 4.66744 14.5646 2.31141
internal_count=9837 5580 5319 4100 3801 3399 402 3370 323 3047 2973 2412 2230 238 163 561 444 117 391 126 265 1992 268 325 147 158 165 219 133 1724 347 312 1377 1286 1242 299 237 197 4257 138 181 1193 1140 295 1020 128 120 948 121 121 114 103 182 919 103
is_linear=0
shrinkage=0.05


Tree=61
num_leaves=49
num_cat=0
split_feature=15 15 16 49 45 43 18 45 16 40 30 6 32 38 28 30 34 5 16 18 18 6 49 20 30 50 38 34 40 15 4 45 19 16 43 45 38 31 32 35 13 5 20 16 30 24 18 29
split_gain=16.2766 10.2214 4.60138 2.71322 2.32693 2.20223 1.98459 4.25844 3.07357 2.67159 4.42086 4.84824 1.77435 3.55398 2.74524 4.58188 3.24722 2.98927 2.35691 3.32833 5.19375 2.14779 3.41658 1.87726 1.98623 1.69581 1.61974 1.55617 1.48273 1.44177 3.10378 2.28173 1.43889 1.88894 1.65334 1.43013 1.20613 2.92279 1.35272 1.28239 1.19986 1.05916 0.999203 0.934784 0.823516 2.06135 0.156173 0.128583
threshold=8.3050000000000015 0.97500000000000009 8.302500000000002 13.500000000000002 26411.593996871528 426.93750000000006 0.75054216756072345 24439.908384664308 2.5050000000000003 45.365000000000009 2.5000000000000004 9.5000000000000018 3.5000000000000004 50.625000000000007 7.5000000000000009 2.5000000000000004 36.500000000000007 6.5000000000000009 2.8850000000000007 4.157301798610419 6.8095885246755232 4.5000000000000009 2.5000000000000004 -0.15859776196598832 1.0000000180025095e-35 11.500000000000002 86.660000000000011 9.5000000000000018 35.380000000000003 1.3350000000000002 1.0000000180025095e-35 13840.261611297779 0.14215154528548821 2.6450000000000005 782.29500000000019 9962.1888990604184 102.25000000000001 2.5000000000000004 5.5000000000000009 2224.9550000000004 61.181936108009268 3.5000000000000004 -0.14215154528548815 1.9650000000000003 1.5000000000000002 2.5000000000000004 5.5395103851882697 35.500000000000007
decision_type=2 2 2 2 2 2 2 2 2 2 2 2 2 2 2 2 2 2 2 2 2 2 2 2 2 2 2 2 2 2 2 2 2 2 2 2 2 2 2 2 2 2 2 2 2 2 2 2
left_child=1 -1 3 4 5 -3 7 8 9 10 11 26 14 -14 16 -16 17 18 23 21 46 22 28 -8 43 35 -7 -23 -20 -26 -31 -32 33 -5 -35 -15 38 -38 39 47 -2 -9 -37 -25 -29 -46 -21 -10
right_child=40 2 -4 32 -6 6 12 41 36 -11 -12 -13 13 25 15 -17 -18 -19 19 20 -22 27 -24 24 29 -27 -28 44 -30 30 31 -33 -34 34 -36 42 37 -39 -40 -41 -42 -43 -44 -45 45 -47 -48 -49
leaf_value=0.051248249414158391 -0.049671730195534586 0.039125665289755293 -0.048070106462571684 0.028533772631631357 -0.041366610785107984 -0.010475793961205225 -0.016605489540006055 0.0079863998535523954 -0.054130390026337551 -0.03921593378286295 0.039725644229293477 0.021380786267871151 0.061181601757627983 0.018193181160908688 0.012002037263504895 -0.057623087959604392 0.044270358128007288 0.049390925180660801 0.0023231155402316369 0.051465146192079203 -0.035403181014747334 -0.0017336257408020785 0.06411980783443938 -0.020388577272598733 0.038679048676739596 0.023257809425851331 -0.048046617461640795 -0.05451630940606126 -0.049387743625690574 0.03887750470284182 -0.024180140595509065 0.01627545506527571 0.040946290870769134 0.017404645104053547 -0.055199113435139446 -0.042044425076417355 -0.04724503462531017 0.047782996650731796 0.022947924308929994 0.021294522538529034 0.010056395673880239 0.055072513831964411 -5.2300056201279616e-05 0.0083072593265811328 -0.050021164165842971 0.029266021205044696 0.026792066267936922 -0.0099713871014321838
leaf_weight=10.505763921886681 16.629782840143893 3.6296619563363484 4.5969644156284621 4.2409290475770813 3.1831358552444717 6.5069370730780154 7.1930921557359389 2.654820025432854 8.1236603332217712 4.6284656054340294 5.8003797638230017 7.6068355124443761 3.6563837919384268 3.2960309917107242 4.2433075560256821 4.8992720830719918 4.5679487858433268 2.9963984596543005 2.9557903590612176 2.9618938453495485 3.4364481165539473 3.0253929907921693 1.4840155472047625 5.8707349523901922 6.5998849645257023 8.5325394554529321 5.8443120294250548 6.9540782317053509 2.2448142964858562 6.697554441168907 6.3616126431152207 7.4031956843100488 6.3168033314868808 1.2219717614352705 1.6343061637599019 2.9733450317289707 1.7542918762192123 1.3179798889905212 0.57626727269962508 0.48320259083993811 0.70828298293054004 2.6984656304121017 3.0798958786763224 5.0314021073281765 2.0577242500148718 1.1560794464312492 3.0470541696995497 0.50861343671567816
leaf_count=261 4180 97 1219 41 77 91 60 87 862 60 38 77 38 42 80 67 76 34 77 62 69 96 57 58 37 92 70 364 94 62 56 57 98 71 89 37 189 74 26 12 77 43 64 48 131 53 38 49
internal_value=-0.00058455 0.00349729 0.000748035 0.00203811 0.000274466 0.00113338 0.00022337 -0.00819035 -0.0135073 -0.00462735 0.00152204 -0.00947442 0.00389203 0.0167757 0.000779129 -0.0249871 0.00373814 0.00122998 -0.000704148 -0.0117796 0.0122253 -0.0234405 0 0.00638745 0.0109075 0.00712805 -0.0288981 -0.0350668 -0.019565 0.0181978 0.0111926 -0.00210063 0.0235965 0.00710545 -0.0229084 -0.00715386 -0.0340587 -0.00468143 -0.0427177 -0.0476155 -0.0469014 0.0332129 -0.0218394 -0.00673568 -0.0443844 -0.0199684 0.0404156 -0.0522451
internal_weight=213.898 196.56 186.054 181.457 168.043 164.86 161.23 48.5042 43.1509 30.3869 25.7585 19.9581 112.726 21.5382 91.1877 9.14258 82.0451 77.4772 74.4808 29.3233 9.4454 19.8779 6.68462 45.1575 37.9644 17.8818 12.3512 13.1933 5.2006 27.0622 20.4624 13.7648 13.414 7.09721 2.85628 9.34927 12.764 3.07227 9.69174 9.11548 17.3381 5.35329 6.05324 10.9021 10.1679 3.2138 6.00895 8.63227
internal_count=9837 5580 5319 4100 3801 3724 3627 1678 1548 336 276 238 1949 273 1676 147 1529 1453 1419 1041 169 872 228 378 318 235 161 644 171 212 175 113 299 201 160 143 1212 263 949 923 4257 130 101 106 548 184 100 911
is_linear=0
shrinkage=0.05


end of trees

feature_importances:
avg_days_to_return_user=245
days_to_return_current=209
order_amount=147
account_age_hours=136
days_since_last_order=125
shipping_cost=119
restocking_cost=113
total_orders_all_time=109
total_spend_30d=109
handling_cost=98
item_price_vs_user_avg=79
estimated_return_loss=78
shared_payment_accounts=66
linked_accounts_2hop=65
shared_device_accounts=62
total_returns_all_time=60
baseline_support_count=60
user_history_count=56
return_rate_all_time=51
connected_component_size=47
user_category_return_rate_diff=33
linked_accounts_1hop=33
shared_address_accounts=31
orders_30d=30
days_since_last_return=29
high_return_neighbor_count=28
category_return_rate_baseline=24
payment_users_count=24
refund_amount=15
device_return_rate_30d=11
address_users_count=11
device_users_count=10
orders_7d=9
salvage_value_percentage=9
orders_24h=8
wardrobing_risk_score=8
device_returns_30d=7
return_shipping_cost=7
refund_ratio_30d=1
address_returns_30d=1
payment_returns_30d=1

parameters:
[boosting: gbdt]
[objective: binary]
[metric: binary_logloss]
[tree_learner: serial]
[device_type: cpu]
[data_sample_strategy: bagging]
[data: ]
[valid: ]
[num_iterations: 500]
[learning_rate: 0.05]
[num_leaves: 63]
[num_threads: 4]
[seed: 42]
[deterministic: 0]
[force_col_wise: 0]
[force_row_wise: 0]
[histogram_pool_size: -1]
[max_depth: -1]
[min_data_in_leaf: 50]
[min_sum_hessian_in_leaf: 0.001]
[bagging_fraction: 0.9]
[pos_bagging_fraction: 1]
[neg_bagging_fraction: 1]
[bagging_freq: 0]
[bagging_seed: 400]
[bagging_by_query: 0]
[feature_fraction: 0.9]
[feature_fraction_bynode: 1]
[feature_fraction_seed: 30056]
[extra_trees: 0]
[extra_seed: 12879]
[early_stopping_round: 0]
[early_stopping_min_delta: 0]
[first_metric_only: 0]
[max_delta_step: 0]
[lambda_l1: 0.1]
[lambda_l2: 0.1]
[linear_lambda: 0]
[min_gain_to_split: 0]
[drop_rate: 0.1]
[max_drop: 50]
[skip_drop: 0.5]
[xgboost_dart_mode: 0]
[uniform_drop: 0]
[drop_seed: 17869]
[top_rate: 0.2]
[other_rate: 0.1]
[min_data_per_group: 100]
[max_cat_threshold: 32]
[cat_l2: 10]
[cat_smooth: 10]
[max_cat_to_onehot: 4]
[top_k: 20]
[monotone_constraints: ]
[monotone_constraints_method: basic]
[monotone_penalty: 0]
[feature_contri: ]
[forcedsplits_filename: ]
[refit_decay_rate: 0.9]
[cegb_tradeoff: 1]
[cegb_penalty_split: 0]
[cegb_penalty_feature_lazy: ]
[cegb_penalty_feature_coupled: ]
[path_smooth: 0]
[interaction_constraints: ]
[verbosity: -1]
[saved_feature_importance_type: 0]
[use_quantized_grad: 0]
[num_grad_quant_bins: 4]
[quant_train_renew_leaf: 0]
[stochastic_rounding: 1]
[linear_tree: 0]
[max_bin: 255]
[max_bin_by_feature: ]
[min_data_in_bin: 3]
[bin_construct_sample_cnt: 200000]
[data_random_seed: 175]
[is_enable_sparse: 1]
[enable_bundle: 1]
[use_missing: 1]
[zero_as_missing: 0]
[feature_pre_filter: 1]
[pre_partition: 0]
[two_round: 0]
[header: 0]
[label_column: ]
[weight_column: ]
[group_column: ]
[ignore_column: ]
[categorical_feature: ]
[forcedbins_filename: ]
[precise_float_parser: 0]
[parser_config_file: ]
[objective_seed: 16083]
[num_class: 1]
[is_unbalance: 0]
[scale_pos_weight: 1]
[sigmoid: 1]
[boost_from_average: 1]
[reg_sqrt: 0]
[alpha: 0.9]
[fair_c: 1]
[poisson_max_delta_step: 0.7]
[tweedie_variance_power: 1.5]
[lambdarank_truncation_level: 30]
[lambdarank_norm: 1]
[label_gain: ]
[lambdarank_position_bias_regularization: 0]
[eval_at: ]
[multi_error_top_k: 1]
[auc_mu_weights: ]
[num_machines: 1]
[local_listen_port: 12400]
[time_out: 120]
[machine_list_filename: ]
[machines: ]
[gpu_platform_id: -1]
[gpu_device_id: -1]
[gpu_device_id_list: ]
[gpu_use_dp: 0]
[num_gpu: 1]

end of parameters

pandas_categorical:[]
